x,y,target
0.08134067103359865,0.01026319886533611,0
0.0982170092346212,0.03435637288750127,0
0.06649746389954445,0.038100268719926715,0
-0.07234852113259617,0.03231131456770227,0
-0.07304891291948243,0.014115717923578092,0
-0.09756565423924325,0.04763211754789693,0
0.07589891939173836,0.023969021790242826,0
0.04586378767400604,0.03166095185375243,0
0.04716026583830023,0.044262158752991464,0
-0.011574532709917451,0.047351412458646505,0
0.03261527690381688,0.04408796313134086,0
-0.0760851062999496,0.051146163760398815,0
-0.05539585155752751,0.055571387616276655,0
0.01064465541228125,0.02438382166658882,0
0.05660957803125414,0.060156820587992293,0
-0.06751201427278225,0.045607802305242674,0
0.04982193246702383,0.021564797631836982,0
-0.041709893042224506,0.061867566766064364,0
0.002050094462311679,0.05488471712211612,0
0.09932635994290331,0.03607137588324716,0
0.06251391231366055,0.034512632785431846,0
-0.06257836289673516,0.07557893011486487,0
0.050998090731794524,0.041362105279811566,0
0.017308022562392132,0.037149786341424296,0
-0.08400496448033248,0.0353003338492681,0
0.04818056313550276,0.08087900732193923,0
0.013419288011602894,0.06788597921296229,0
0.007154108345969527,0.03625893173467115,0
0.07256654157202369,0.058012850742761475,0
0.026217055492690104,0.07895793574425787,0
0.06994254512948765,0.03990365968710737,0
-0.020778679239719076,0.05781968042097688,0
0.10744697680332371,0.04420452983187782,0
-0.037006032567806574,0.06720264230546735,0
-0.025047430320133998,0.059554155181455695,0
0.1094195832975375,0.05063615870004038,0
0.06818708638536469,0.08266742963347383,0
0.022167388402434898,0.04536182181364353,0
0.030465588198370246,0.07899736976326147,0
0.003978727142593279,0.04289595639952958,0
0.07112303781130296,0.06845687940118013,0
0.060028184280781036,0.08563168193407193,0
-0.04745996042458863,0.07757176317868389,0
-0.03173289060531295,0.07465182826774108,0
-0.0559302164392639,0.06370945204551987,0
0.005158979048639913,0.09085149677321984,0
-0.02816176443669577,0.09028789603570614,0
0.014505242784854468,0.06894018143238637,0
-0.04072731984525724,0.0985271645387314,0
0.09322027710301559,0.08741481317520045,0
-0.02867642387490498,0.08392889701150191,0
0.008358317636667077,0.06800022040544353,0
0.1004320725838854,0.05759694884323481,0
-0.03589692255884195,0.10240852791040544,0
0.06955844136748435,0.0730307146525106,0
-0.015253695141800673,0.09007485038093858,0
0.01576632292425329,0.05493496661962698,0
0.017591306541529496,0.05427248633315242,0
0.10291768337213188,0.07954498339315867,0
0.03127301267253655,0.09507418470367615,0
0.016564424650734363,0.08198297818952563,0
-0.020586716651337683,0.07363043658682256,0
0.08313160003878892,0.05347812013986079,0
-0.012586989021011505,0.059698714446595795,0
0.10994641153428189,0.07404467422655543,0
0.002849057466352306,0.07374975732110713,0
0.08752917114726845,0.07408208157270042,0
0.03956971760385189,0.07266203151028175,0
0.02722255084173332,0.07145510741783762,0
0.09702936969815422,0.0685539115950893,0
-0.018866781170828045,0.057485390394040235,0
0.15025101363902726,0.06435250995289002,0
0.1173201302571745,0.06066171520026048,0
0.059750737285427874,0.09236089485246948,0
0.16259123090021255,0.06669754325542843,0
0.056748403224170726,0.06859740437208596,0
0.019605426414703794,0.0905364545958326,0
0.09375968055380514,0.07612609190805511,0
0.09502507067793911,0.05574534489641935,0
0.06585114664753139,0.08254367692445154,0
0.004138464875282591,0.06603235971380755,0
0.0066365710399829,0.09300208325478451,0
0.16482610070699455,0.05400532487498552,0
0.03298722417254224,0.06205252643963443,0
0.10228758695781344,0.09396882485616045,0
0.1808998399534435,0.0678918866192411,0
0.11848240545260194,0.03466050744349873,0
0.16956233721316652,0.07525867243416365,0
0.03734483689589657,0.06432604045037074,0
0.1385270318959483,0.04946985640607242,0
0.09663507047082201,0.06932867617750796,0
0.2134284575880992,0.04911289266059379,0
0.16712344896894654,0.030588817514120185,0
0.05250361251142034,0.053024215430940685,0
0.08345863362794068,0.05149311287983428,0
0.05621090811542985,0.0691249653579423,0
0.2007067272180536,0.023610944694723645,0
0.07897478874540956,0.043605841185573924,0
0.18914920511870628,0.028023829729084064,0
0.14748257993672106,0.05073669248987417,0
0.05348948097343724,0.06764552036820272,0
0.2317557412743279,0.051218016536305436,0
0.13776016246633066,0.027431577496998545,0
0.098223219286875,0.03806790140395645,0
0.19752811048726013,0.02381023010557058,0
0.04146403326785997,0.04848447776309788,0
0.16612991350987216,0.04621850286135151,0
0.22568890586555854,0.02341395503843759,0
0.10338082896282386,0.014987707067603866,0
0.15917936812753325,0.04116252664584865,0
0.05116411212542328,0.0046416991705810215,0
0.22965222910668107,0.004513467596187761,0
0.1523790467177703,0.04723160320998536,0
0.17592824919531352,0.028642941466190928,0
0.14588343324935654,-0.01870757221661992,0
0.15528957571317265,0.015254478806679066,0
0.1121088801759198,-0.014886695137389497,0
0.18700051454100836,-0.0043701052262487446,0
0.060475370312949375,0.03043392390737914,0
0.14025375685139138,-0.020610045474735994,0
0.2555605867908881,0.017309963211072116,0
0.17405315918058958,-0.0002310957010962511,0
0.10628091997775119,0.028451600624556057,0
0.23223370505979282,0.012270134035815495,0
0.2578827079748254,-0.010536077587737926,0
0.2097215637048054,-0.007145527447040086,0
0.10049008210605206,-0.0015640933262029977,0
0.11857817399244823,-0.03140124027646571,0
0.10247016586480262,-0.03699438523210377,0
0.2058063508530907,0.0028501358047477374,0
0.24960335915456028,-0.01701257284727342,0
0.25447563607420365,-0.03456748419486754,0
0.13920160739612225,-0.006094380993772443,0
0.1399905437694472,-0.04651897844325657,0
0.13586720196147434,-0.03657766787928828,0
0.24467123363874302,-0.03793563624212306,0
0.26146380006279524,0.005173641603327998,0
0.27036913760365644,-0.0627536407992858,0
0.20118848939192926,-0.04091465602564461,0
0.21227474751778716,-0.029863435440043197,0
0.14643393832104806,-0.026487678600943358,0
0.12580605752721535,-0.041724046305297344,0
0.2647090292753955,-0.08975655378600789,0
0.12700616987307367,-0.05047446676606984,0
0.22611881956902796,-0.043977451142300054,0
0.14840624802293145,-0.057906006177383014,0
0.11312517112507364,-0.06724972420533921,0
0.11470760324095766,-0.05225546539795758,0
0.08875904308657818,-0.051000301803419294,0
0.1168987723487251,-0.10599598450456842,0
0.22650147701528983,-0.09383971464403366,0
0.24724173034630695,-0.09620906119265746,0
0.07301591772290039,-0.07479157512821064,0
0.2558641785419366,-0.060310384922318556,0
0.15779445241918438,-0.060202975995332975,0
0.19474916885972018,-0.10593868332056655,0
0.10944704723033244,-0.11235658542103054,0
0.15231674973513992,-0.10813323026559098,0
0.07921614257644255,-0.09891832027549516,0
0.22954101448220002,-0.08052341810032358,0
0.11516292956267604,-0.10018555042411736,0
0.25004975893014786,-0.0832999609026092,0
0.18097580626149828,-0.08744849234370525,0
0.2361904275107413,-0.13511782901661057,0
0.1042853192258986,-0.12285081687024532,0
0.1306422406460589,-0.1204834725402893,0
0.2713927801213465,-0.11052322114043074,0
0.15176718029217673,-0.1527027056120748,0
0.0981254711754661,-0.157609299363314,0
0.22939862998895066,-0.15388624681071011,0
0.09640698421378913,-0.15630692799755877,0
0.2180405375616913,-0.12990882863087014,0
0.2455299896085436,-0.12692201518071616,0
0.06981608260598784,-0.15318557761668927,0
0.11754542939413265,-0.12118915251750631,0
0.10867250329329706,-0.14505817893614809,0
0.22204301522895434,-0.13057107424398692,0
0.25282197866834577,-0.1506706228503587,0
0.21320823069880257,-0.1359845632824988,0
0.13827060824961365,-0.1355377964090505,0
0.058343412618574494,-0.17402385430228207,0
0.07432735931827845,-0.15790637434950894,0
0.07879712107918599,-0.1817467853401909,0
0.20540399490126263,-0.17372845600855857,0
0.07970773477174453,-0.21131761103074292,0
0.18320285263726502,-0.1657893843454646,0
0.1576054384452573,-0.18517514726124001,0
0.190397959240493,-0.18108164821750133,0
0.028425214860192824,-0.19687974619798831,0
0.1115045043918143,-0.2024434330913882,0
0.13264943431119205,-0.17940641049166342,0
0.13997292931698202,-0.21553683963702697,0
0.08457839787577272,-0.20505096799634465,0
0.20355995809863853,-0.1959273564758564,0
0.14427367466683888,-0.2030104400240746,0
-0.0036020347212157855,-0.23300062653278292,0
0.1371424741045611,-0.21927410807874176,0
0.11115787346419895,-0.24687831533483082,0
0.03285184834962654,-0.21990692178051682,0
0.025117128308755274,-0.24514073761885952,0
0.17873290453053714,-0.22940299023179705,0
0.182676775115874,-0.23099072396716652,0
0.07131004390543244,-0.21839710974050613,0
0.07494811720455052,-0.24264158949653228,0
0.1986546083787799,-0.23245365393469392,0
0.07399815164163533,-0.2341517980509183,0
0.10561079719120417,-0.26206208244540385,0
0.18771893232851655,-0.23186240958061716,0
0.01145897337496557,-0.23116284195952633,0
0.14327150470611733,-0.22678944489164612,0
0.15976531553126577,-0.22225192060036816,0
0.10114526819917216,-0.24538399954796844,0
0.11559651979873599,-0.2237723147291651,0
-0.013442141537026032,-0.2795252911238898,0
0.06851016280549856,-0.2745713280162908,0
0.08531905683168338,-0.27521545067251296,0
0.0010825535122740391,-0.24353404174163465,0
-0.01218386996298837,-0.26281448069837465,0
0.14193951906953808,-0.27599332889353345,0
0.03893917952948253,-0.27411361308498605,0
0.10861080519229271,-0.24983059207604777,0
-0.05400617074725629,-0.2916424103087768,0
0.015074774554708466,-0.2692346138998342,0
-0.07061785389416769,-0.2547698121752241,0
0.07679273334964795,-0.28124077036991457,0
-0.08068715306394131,-0.28478468247227096,0
0.013815078303989044,-0.2511163552303467,0
0.11922723989017198,-0.266639395333428,0
-0.008079289036556185,-0.29274739448646336,0
0.05472886652810337,-0.260231462798798,0
0.01350214058252222,-0.29411902818695673,0
-0.019776371633301988,-0.2720992836064687,0
-0.06527530318101882,-0.27082938224700465,0
-0.03595312358776327,-0.27871121261125104,0
-0.039273072474349975,-0.29620371318025707,0
-0.06904853423091589,-0.2612075734443287,0
-0.07676666262262481,-0.26437494352459706,0
-0.0603804753739578,-0.3098476827421431,0
-0.020475130281073214,-0.2716578426140851,0
-0.029604983399586154,-0.27610899336681766,0
-0.08195351113266693,-0.2783313939364042,0
-0.12506674539927462,-0.2744723482499586,0
-0.060473478897973346,-0.2728615370127358,0
-0.08043484384240734,-0.31160390258091203,0
-0.15389001893530346,-0.2956720901226515,0
-0.19078588157689547,-0.3101358780559221,0
-0.08411099833199402,-0.2689690500380781,0
-0.029500333409782947,-0.26593835854508757,0
-0.04016246930988866,-0.2703865110132417,0
-0.06301138348506548,-0.29309973169500475,0
-0.02015203729297127,-0.3195656742406194,0
-0.15597251543050766,-0.2883794408109233,0
-0.12709820414184653,-0.30744932319118057,0
-0.03284310667011639,-0.3048716238469646,0
-0.03274513138071029,-0.29039272727549903,0
-0.15729321870014307,-0.2859509046698181,0
-0.1640212625339362,-0.28198002664565686,0
-0.16987921063896794,-0.3028316674657152,0
-0.1603042551220968,-0.30571578210858935,0
-0.13661422312625987,-0.28936117545627454,0
-0.1187767328428084,-0.3029669040045484,0
-0.07376976750970021,-0.30549066974810485,0
-0.19621084939708425,-0.27023624816688474,0
-0.2540042381578658,-0.28897235007981503,0
-0.05436554326850024,-0.3002506676348211,0
-0.2581313191451099,-0.2910145995000049,0
-0.20193354224805193,-0.2923728186323368,0
-0.2184280495428585,-0.2740080829351019,0
-0.2580255893643061,-0.28669167776133314,0
-0.24443146572835509,-0.27737355552584186,0
-0.25126617283623603,-0.30861992187201254,0
-0.13764360837761241,-0.3051568991186619,0
-0.13688510972716691,-0.25563380996912594,0
-0.2071801349809798,-0.2812768859460498,0
-0.27304891448887936,-0.28390975521524564,0
-0.25732649890604764,-0.2800336250221129,0
-0.12546605034982647,-0.2988668359260335,0
-0.3040029188943074,-0.28045473657703274,0
-0.21334078123397157,-0.26511463324191786,0
-0.34359887458234156,-0.23268582856679154,0
-0.31872127060540634,-0.2312686307647666,0
-0.2993760366319624,-0.2624607204845859,0
-0.23054900167900513,-0.2455532319014441,0
-0.3409280491110324,-0.23088670321310342,0
-0.3199816929714684,-0.23036462164008326,0
-0.191425279628299,-0.22911905368514898,0
-0.20982429597719893,-0.25165520937154656,0
-0.2836107356625185,-0.24873318427668548,0
-0.2759149636615978,-0.26726975841865097,0
-0.3602029256961595,-0.27157431760127687,0
-0.25195512386568675,-0.2388571916622122,0
-0.3053631086563078,-0.2469399272880782,0
-0.25222565205325487,-0.2370752762030109,0
-0.2708777732787929,-0.274118353628342,0
-0.279553477316248,-0.25173992794389544,0
-0.35243710797164796,-0.2448643742886601,0
-0.3020356198245905,-0.22464116680108118,0
-0.3768872918116979,-0.20343728045696213,0
-0.39342856433935913,-0.2112245537243795,0
-0.34386247067044684,-0.23256342947542324,0
-0.36029092554043113,-0.2151850572337387,0
-0.2793006629893402,-0.20122241531803708,0
-0.30526202873342534,-0.18161364829405682,0
-0.3267364441859838,-0.19569027041754858,0
-0.37583263717402704,-0.17831648221894544,0
-0.43860905824378904,-0.17478811177678566,0
-0.369246742383995,-0.17476155640402402,0
-0.35792624847654864,-0.14504087031143414,0
-0.2679245110639512,-0.16917862109124007,0
-0.42983749910518676,-0.15800633195694094,0
-0.40482210755123826,-0.11946177191347365,0
-0.2729662768081756,-0.1633504380467036,0
-0.3150956211028372,-0.13483195326910186,0
-0.42259228137956656,-0.17941865213104258,0
-0.40481544495317673,-0.18617832241932733,0
-0.28234438142856016,-0.16050676024513957,0
-0.4079761254408245,-0.10571112943906645,0
-0.30276726943511023,-0.12908669243577145,0
-0.43368062206190366,-0.16274393274461918,0
-0.39588022318927846,-0.12920318111053147,0
-0.3527182718162841,-0.1014195879458988,0
-0.3671790967462614,-0.09572720725488074,0
-0.4330257105877506,-0.13359439892838543,0
-0.42766597451293986,-0.05271744368035834,0
-0.307219211400813,-0.13313464120363325,0
-0.405529447803485,-0.09844153554205803,0
-0.3837839064691726,-0.05195862677704404,0
-0.4354811239624662,-0.06773757032678455,0
-0.4566849056431239,-0.024902846153205475,0
-0.49083385752923125,-0.08914498516291744,0
-0.39155052035403676,-0.0727912363333447,0
-0.4722723310950674,-0.10317644591003061,0
-0.4117100287947839,-0.05196144389182279,0
-0.4914562874711918,-0.04663252119953444,0
-0.3454728192817471,-0.019518181383628715,0
-0.44350572372645813,-0.036994278455537224,0
-0.5085923450064165,-0.04694777454365614,0
-0.4555374087257748,-0.06156078586953416,0
-0.45535962474192837,-0.005343710018552373,0
-0.4404967488470307,-0.024534500431158672,0
-0.4368116199552018,-0.0027756780190250213,0
-0.43443417204831347,-0.046389254338665864,0
-0.3550393259016822,-0.015893264723793654,0
-0.4532244436109275,-0.005322857069235777,0
-0.4948479674012865,0.07170460677957571,0
-0.5334553382421394,-0.02277820658872002,0
-0.4322838110618188,0.03132994400258837,0
-0.5598985106061397,0.05983933099200992,0
-0.381219250335753,0.0707147396165564,0
-0.5319966693595668,0.03709628907785354,0
-0.3839940819766531,0.021257121923927418,0
-0.5120501640181641,0.01756934389563037,0
-0.4173183110373709,0.06237089713986131,0
-0.47373258519905254,0.03818332861672219,0
-0.494453859410546,0.04025811419180846,0
-0.46672434456401457,0.07561137771233267,0
-0.38527379318228405,0.08493072223700232,0
-0.4718187772412601,0.07355659326474072,0
-0.44722319381378184,0.07862991087636115,0
-0.4347503923011061,0.1530255287754707,0
-0.5006523135548047,0.0641929068925283,0
-0.4279290257262848,0.11613855886262692,0
-0.40814909205125627,0.14625810862374716,0
-0.3810975840349253,0.15493908332525957,0
-0.5275020949740578,0.11093736119303893,0
-0.37471622926989545,0.17418393746518562,0
-0.5370785283086136,0.15686759174552276,0
-0.4344036891448836,0.18497302899879775,0
-0.43479734985403173,0.20150423257925398,0
-0.4293999332500854,0.1974447628006995,0
-0.533323731396754,0.1782810641791575,0
-0.4241339481593559,0.1699646612336769,0
-0.5390647179919902,0.23817418750043087,0
-0.40737958162330323,0.22752334302142954,0
-0.4185493429101351,0.22485540340203258,0
-0.5170867100405271,0.20294008597448412,0
-0.5100085904008564,0.20607568753158992,0
-0.5046654805537863,0.23391648437914112,0
-0.3600778741149355,0.21757423667687303,0
-0.4663393199171485,0.2834648456274771,0
-0.45879185793437494,0.26208472177832726,0
-0.3785563400069908,0.2809730878448008,0
-0.46697064683492545,0.32626955577158134,0
-0.5145141216372502,0.2137641817239858,0
-0.5048649424579591,0.23001903800334456,0
-0.4033912315103673,0.29724680897328787,0
-0.45404489578330265,0.30352386774787826,0
-0.4834515095694688,0.2739110315282259,0
-0.4157322113821875,0.330640314205278,0
-0.407469062861319,0.2955367312713012,0
-0.5192720705776865,0.3193543696589513,0
-0.38030084643728634,0.3040437929209412,0
-0.3471650995948852,0.30851251370128346,0
-0.3729121115728039,0.38017845452993276,0
-0.4480344669653883,0.34989043666715125,0
-0.399287897640484,0.39538167508712,0
-0.4660427624122234,0.33392953861051844,0
-0.41814918936375717,0.3914336378614036,0
-0.4112624199186916,0.3198106547814967,0
-0.3795833753879023,0.3856009353784649,0
-0.4651379811613681,0.39705390437534727,0
-0.384598516359506,0.386001007235636,0
-0.4445692838085541,0.41146505845472686,0
-0.4868071884182118,0.3786802665984846,0
-0.40792377437669547,0.3534312216207323,0
-0.3159885856129059,0.43208201550030684,0
-0.4289928341095397,0.45655668516213516,0
-0.32323041319717294,0.46741550742561433,0
-0.3312549713102656,0.44398452365629887,0
-0.4144951154830885,0.4328848452200944,0
-0.34156153680269596,0.4033580974493054,0
-0.3952517147259668,0.44401329077429746,0
-0.2455532898895967,0.4483365526150827,0
-0.41673361545664084,0.4233605958832444,0
-0.24259950644298034,0.48037562054309435,0
-0.2877469327314365,0.4724318155467427,0
-0.35556871736338913,0.5096213228870407,0
-0.3579481888050279,0.46243911746790717,0
-0.20176428801107638,0.5138111227092783,0
-0.21739921700478312,0.4791455811639092,0
-0.34955882866612875,0.5049917863822353,0
-0.22612433310190533,0.5165400789749984,0
-0.3637481698279059,0.4838964201431527,0
-0.27246878668413066,0.5158939985758212,0
-0.24965803998817768,0.5322760537461427,0
-0.16662843479875222,0.5118217686715801,0
-0.4034066052139332,0.4831539613002452,0
-0.3760334346284017,0.5254291485953128,0
-0.2837176313974502,0.5425615197970854,0
-0.30582833800129483,0.5384962552785096,0
-0.3048248870625605,0.522887523425366,0
-0.3634826468373386,0.5240452868763484,0
-0.2961633502933789,0.5319480266546336,0
-0.22856007847989382,0.5307524560640076,0
-0.13643494497578815,0.5807129869583109,0
-0.18002814835918224,0.5313154026675017,0
-0.24652016953919595,0.5466522650103306,0
-0.24294647127963556,0.597361398870403,0
-0.15489048272078415,0.5450704242849742,0
-0.19448442406002045,0.608613847804329,0
-0.1083310866415925,0.5744573194903628,0
-0.12125128019277254,0.5813104529741455,0
-0.23035575918445422,0.57478984890239,0
-0.09254788174565928,0.6255903204828297,0
-0.18944527958639445,0.575929447870723,0
-0.20647869852029188,0.6233203818189376,0
-0.10751542603618486,0.6186095645219022,0
-0.15633762355969177,0.5953615106387898,0
-0.12548259169473114,0.5965579125471022,0
-0.12139793493580137,0.6000934473319657,0
-0.13031939475304324,0.6023795053235513,0
-0.16694220119328063,0.6138360588958629,0
-0.18789604634009524,0.6296894098243986,0
-0.04419644757647469,0.6026940966972014,0
-0.10090120279769055,0.6410046041311922,0
-0.03642766155170679,0.6280902770810075,0
-0.024207628852641612,0.6255017253449352,0
-0.03580716726064577,0.6184987586639041,0
-0.06823766777174937,0.620313961647375,0
0.011309876288018508,0.6380852340546975,0
-0.13006521976063368,0.6378587162638825,0
0.005786952232152108,0.6553555064261782,0
0.052477148234619984,0.6603629750151285,0
-0.024519271123086165,0.6582125920731192,0
-0.015677337347912393,0.662164634368464,0
0.02148741704886723,0.634339394885954,0
0.06723380574403842,0.6637839488328967,0
0.07449177840448512,0.6226811266942179,0
0.07663818064390931,0.6496695965373225,0
0.06586479439408648,0.6302243811703901,0
-0.02496726584121267,0.6733244371300781,0
0.10343492202493357,0.6591157294606473,0
0.04515050467617153,0.6261492593763183,0
0.05821949551054601,0.6598200706194535,0
0.22540443318019698,0.6326089938217093,0
-0.055266124533354895,0.6803762274442421,0
0.22013017705100626,0.6268077175484795,0
0.07686832374646618,0.6626485060989343,0
0.13080122876154615,0.6396829958373103,0
0.007999913462183365,0.6839554040257566,0
0.16171038190296622,0.6337052925205052,0
0.22383669911939155,0.6274443266852302,0
0.200774954197111,0.6368775756494283,0
0.13110504574929244,0.6597133674778443,0
0.1714452887696976,0.6655793721695145,0
0.26725055430869293,0.6344329629531967,0
0.09485635565694722,0.6247162264609607,0
0.19530165934608346,0.647545095655797,0
0.19050265649080153,0.6612325805992271,0
0.22796220056892375,0.6401758531342763,0
0.1587674052418853,0.6058757921505188,0
0.1386016606413937,0.6634489321507049,0
0.2224152719939288,0.6185743588408317,0
0.19472356499944415,0.6176018138901751,0
0.2738554797009016,0.6132563550896225,0
0.26277487817002904,0.6546386710616793,0
0.29455636643293664,0.6340953897381219,0
0.21218402897009325,0.6445629246694756,0
0.14241672558842045,0.6494694496359655,0
0.2694839312258201,0.6397556116537687,0
0.3677084367237622,0.6222647272634511,0
0.45575752260256464,0.5858016638992368,0
0.27278389619849275,0.6178245368602605,0
0.4265931741908706,0.5870056452731166,0
0.2346646508908387,0.6090176399607136,0
0.37937623455889863,0.6158522910936792,0
0.3082945892805307,0.5767929078806504,0
0.32777684496054377,0.5770783511915739,0
0.30876173425683506,0.5504212531580844,0
0.49296551102550484,0.5360495947285573,0
0.4521736993326144,0.5620876297150997,0
0.3136721598189778,0.5862797239742268,0
0.4622272838511153,0.5452359924001977,0
0.4576178866793914,0.5770950505085635,0
0.4545316992653845,0.5334371842597586,0
0.4235871217320861,0.5341706957373216,0
0.3653929198500142,0.515031279962075,0
0.5676915963121804,0.516580629471221,0
0.5218271848678447,0.5313727902889984,0
0.39763839435322834,0.5783343855577332,0
0.4909642998140243,0.5253953198395394,0
0.5513537385969729,0.4657039961852872,0
0.589114271414209,0.5026257447057141,0
0.52754839798738,0.4706740041257201,0
0.4850104988749203,0.4772238374432531,0
0.46657050805642064,0.43749614510257767,0
0.5764533887084038,0.5179467613688876,0
0.5642572440563997,0.4480905960897067,0
0.5525019869257478,0.5300148670873586,0
0.47916501394753797,0.4803916159626085,0
0.5214478924165917,0.4986725198837196,0
0.47775237238111123,0.4918831439610848,0
0.5381643277229212,0.46100264347399006,0
0.5026154553786846,0.4683149890895326,0
0.5545027595782389,0.458557354010276,0
0.655562945409522,0.43586016412585366,0
0.5293342037283897,0.4593398998294245,0
0.6832009440920161,0.4304994918864345,0
0.6272801987326924,0.34570339800062744,0
0.5820782162483636,0.4845563222760768,0
0.6038107683000287,0.4628612799316175,0
0.5843561555137108,0.3800314592482351,0
0.5864285810936034,0.4222394868834154,0
0.7359915935337311,0.3662705995187237,0
0.5770283318909699,0.36927434829783107,0
0.6240533121506296,0.39066715645638317,0
0.7117470545328223,0.40287220459887757,0
0.6996399109429009,0.3599097950637723,0
0.6206321231982997,0.3721868608108327,0
0.7001898039362984,0.2673363573024823,0
0.671024168521274,0.2835507260445074,0
0.7505315354011441,0.3300486823997318,0
0.7056657934337215,0.28237599952284953,0
0.6729982486825223,0.25263217899937845,0
0.6457776843520977,0.2995373496811442,0
0.6772568088736293,0.3035755436011411,0
0.7212709264399766,0.3546467492453181,0
0.7754183253782149,0.3367413567376609,0
0.7205892261596398,0.23756222426290807,0
0.7712512748533986,0.21711212075263125,0
0.7198564060685251,0.21660924450454747,0
0.7027280582121059,0.21931937665673662,0
0.7215682046678132,0.21825268061106742,0
0.715870366552081,0.20952313189689967,0
0.6572751205122456,0.21447368390774682,0
0.819843944635685,0.2470862738537742,0
0.8163474921844363,0.1426263921935898,0
0.6614348574762485,0.16397824326894753,0
0.6738848742720407,0.1046498576858378,0
0.689683190783384,0.06824189213675438,0
0.8405453471805346,0.10763354408302422,0
0.7531125158702335,0.05701922456496855,0
0.8030801654910017,0.17069239391926974,0
0.7450925915131232,0.08143329933027099,0
0.835135265571959,0.05171724777124814,0
0.7985452853630992,0.05850088627556718,0
0.7530116760204311,0.06085222222352732,0
0.8229255856591622,0.12045330994255299,0
0.8681226332879941,0.0966906675551562,0
0.793513285673641,0.055980725247524725,0
0.8666477004503054,0.06946492361479513,0
0.8236356315645705,0.05198103889052292,0
0.7198657847752331,0.040380024058215,0
0.8497657462055533,0.08143275161090377,0
0.6918601138511982,0.06435904115905457,0
0.7737135156454642,0.08834578916576366,0
0.7223977085839051,0.041556470861000686,0
0.8490461916171859,-0.09434284095530143,0
0.7587552862060956,0.011603831238640448,0
0.7897038904468326,-0.1303220982590718,0
0.7778667266440463,-0.14421694651330597,0
0.8282970348878693,-0.11553790084127041,0
0.7711933702730478,-0.033278183666197794,0
0.7372770798294077,-0.03674003106289069,0
0.7908444478163041,-0.1621566870248105,0
0.8880858248405811,-0.07330137164831413,0
0.741637640457541,-0.14125107482293395,0
0.8202472364017397,-0.1881511558806822,0
0.6894771645761019,-0.1520915088573755,0
0.743364499378488,-0.06524449318673502,0
0.774089593500618,-0.12298094478211302,0
0.860705056689186,-0.13545635271860343,0
0.8355892565395846,-0.22736622999504846,0
0.7298031195010826,-0.12400266732261886,0
0.6653198232439543,-0.2508235098237674,0
0.8369710529601927,-0.250118475976868,0
0.7996321349060397,-0.23745487257178333,0
0.850458091324173,-0.21307040711705005,0
0.6846542896440491,-0.2731784268280935,0
0.7945918126659546,-0.2893488032365187,0
0.6616328272281913,-0.3479709651166554,0
0.747013398309411,-0.33010847358312856,0
0.8470194101589275,-0.22974224495652465,0
0.7423016328559402,-0.34375234312316955,0
0.7267401927113277,-0.25379323160043277,0
0.831431421607111,-0.2902798075960119,0
0.7469796332632854,-0.3090208332474457,0
0.7807290641646196,-0.35692845653976624,0
0.7589068722050205,-0.3923911567618156,0
0.6504957164596314,-0.4088623037887617,0
0.6661737270026029,-0.3093341659375749,0
0.7407002276047301,-0.37907712084834283,0
0.6543337755554679,-0.4420417641461645,0
0.7371465853789579,-0.38026523955027397,0
0.6700587675955681,-0.46313743647853534,0
0.6415950561391236,-0.36613777657057767,0
0.5875872176899509,-0.4928119415122043,0
0.6933594030251167,-0.505679900814909,0
0.7157601561004403,-0.4391151550789642,0
0.734358178951288,-0.4731988199664492,0
0.6074681161683598,-0.4592725542669015,0
0.7147124810482564,-0.532811325943116,0
0.7292312443418424,-0.5094304126826555,0
0.60418039666326,-0.4769715426735941,0
0.6268344584536559,-0.5391885828819084,0
0.6882227457650099,-0.48802156408042563,0
0.5969660660039373,-0.5320967958014862,0
0.5706701065173624,-0.5568607524624816,0
0.6429028524208664,-0.5764738860472479,0
0.6344517881824605,-0.6019935865140688,0
0.663196260287598,-0.5609925807968897,0
0.5056932030390422,-0.6041653743555351,0
0.7017592685595642,-0.5485483947407135,0
0.6157264092418704,-0.6049787981599596,0
0.5807994250662248,-0.657646612601281,0
0.6729915997954431,-0.592332167345829,0
0.5567878351912077,-0.6842568268805983,0
0.5888928031187464,-0.6166780572493428,0
0.588970090773894,-0.6778394170562032,0
0.5048912341814252,-0.6654822334495915,0
0.5463077251426135,-0.6424731188373356,0
0.6142603457159126,-0.6105277560785564,0
0.5415406417221588,-0.6499492832103001,0
0.49544118940703474,-0.7056045269828882,0
0.6565601964728304,-0.6215530416014188,0
0.4598586071188754,-0.6397459843925852,0
0.35278831759095286,-0.7528530175990252,0
0.40535616160951493,-0.7259312527605142,0
0.3933096274408561,-0.7056830872681668,0
0.49895106394103883,-0.7008770719741921,0
0.46834555358683716,-0.7283001893443182,0
0.4802040052827251,-0.782514536925925,0
0.4657283666630896,-0.7560915715895162,0
0.45866422774600535,-0.7357577712991202,0
0.28583763657484873,-0.8057530470362154,0
0.2253883520259753,-0.7940519398058512,0
0.2861279507816646,-0.7682341009772844,0
0.5041207755931743,-0.759503979946417,0
0.47680955999669883,-0.7923385457735881,0
0.3176871685407222,-0.8265299790666563,0
0.36734311088355864,-0.8168326303921014,0
0.33428073431621363,-0.8324664424972564,0
0.25993412374670777,-0.845449579508275,0
0.2795348740633694,-0.8019842953238541,0
0.35607114982248417,-0.8227138290601703,0
0.2612784090407757,-0.827823951472936,0
0.3321261359985469,-0.8231561830664814,0
0.2648876782029671,-0.8081162639182202,0
0.3105752143033129,-0.8349598085187397,0
0.258960435333388,-0.8369303899494701,0
0.33781418135820873,-0.8272063413202,0
0.27042046407816595,-0.8545452933625477,0
0.13522716119076356,-0.8979205113805061,0
0.23843416878193374,-0.8503143786542621,0
0.15874626794710484,-0.8769263473449703,0
0.2687670900882808,-0.8411922591037155,0
0.17012093737063988,-0.850450132782306,0
-0.027399540851272053,-0.9015712101832078,0
0.010823209493955994,-0.8991428090934913,0
-0.03757398456967776,-0.9062825143961691,0
0.18517198373699392,-0.8681658139453255,0
0.0777148951370722,-0.8923274584280884,0
0.04208111221646643,-0.9009147514116862,0
0.07518567640986046,-0.9194877001516145,0
0.05471439698252714,-0.9066558481576351,0
-0.03901148754706694,-0.8833413388416956,0
0.058616656815864795,-0.9136990452272342,0
0.03730730410143521,-0.9256858691571678,0
0.14877460698012757,-0.8841303705341701,0
-0.008043329630687093,-0.889596959591001,0
0.00960202328730183,-0.9250002929445514,0
-0.08188854775589716,-0.9083050894823029,0
0.011539710634895915,-0.9268277577391913,0
0.01046184162795611,-0.9136509275722767,0
-0.017478188281046206,-0.8952235087216215,0
0.04496415538193506,-0.9296959313174776,0
0.05694146487420621,-0.905427739694034,0
-0.22888482074697353,-0.88549457607883,0
-0.13265792842185958,-0.9023970125142815,0
-0.19588836837042906,-0.9200199500093675,0
-0.08940276910922332,-0.9075666766239737,0
-0.23747828584244188,-0.9299748285095981,0
-0.001293322020029103,-0.8988028490823728,0
-0.24030998988104327,-0.8922182935478591,0
-0.2925986834075547,-0.8900093891334289,0
-0.09575432903561085,-0.9358509136493368,0
-0.2704317741929217,-0.9055916928201303,0
-0.3366045903406825,-0.8799070991844398,0
-0.320091882961385,-0.8997616588442625,0
-0.1594105544406214,-0.9220701698457549,0
-0.3193582737135214,-0.9200314195988855,0
-0.2600151029243322,-0.9218136258797165,0
-0.1678598940721839,-0.9331285898234256,0
-0.28802671288808473,-0.8908131408718353,0
-0.3570129942664778,-0.9189522680870915,0
-0.36737590901413403,-0.9092277998983788,0
-0.3612598298848268,-0.8883671906672943,0
-0.4360116024856739,-0.8453718214689121,0
-0.3256991189468914,-0.8727682906886877,0
-0.38634852393516506,-0.8779676310221228,0
-0.3098266837644455,-0.8766447509283064,0
-0.46319932682019216,-0.8608620239948581,0
-0.3361903310472865,-0.8994152695523379,0
-0.5008632884348483,-0.8062539302122048,0
-0.41424422928722104,-0.8493100881023103,0
-0.44989635714325144,-0.8406249530313521,0
-0.39707114688517253,-0.8312017963410497,0
-0.533218667830831,-0.8598590308528423,0
-0.5373668444886761,-0.8266550239448551,0
-0.47617560095661576,-0.8287503342436915,0
-0.4090521757908116,-0.8668715179890026,0
-0.44575152012115266,-0.857851906849943,0
-0.6079489769878972,-0.8117344730124874,0
-0.5283699893482524,-0.7871096373375298,0
-0.5451201644946997,-0.8011876332954201,0
-0.44958989659702475,-0.8135837331414429,0
-0.6342832144746142,-0.8143206958848843,0
-0.5082673201605264,-0.7718998153950756,0
-0.6134331481864423,-0.7534079054143861,0
-0.6594158560935099,-0.7451489816710885,0
0.03655421523878627,0.00980078115808325,1
0.04318698699504829,0.0412422419807063,1
-0.011536691152695974,0.0030642334106081113,1
-0.08079565899161135,0.03687872540892455,1
-0.055446138818945334,0.02855934076437836,1
0.07104852765382591,0.044170149382451146,1
-0.046793784474855625,0.024995650886859896,1
-0.08738404760961817,0.029652914279993038,1
0.03815732592133646,0.022801824169244242,1
0.004639311251926487,0.03524305764411261,1
-0.039845188803512045,0.03894626876766322,1
-0.02954577779669925,0.036221701120820016,1
0.03172723412209237,0.03131624463343352,1
0.04858764806998403,0.024151684042397523,1
0.0184308187570178,0.03422410777926094,1
0.02372032622951828,0.0304386664187355,1
0.031856374651138844,-0.009671830807701051,1
0.0678141346573483,-0.003317380175397476,1
-0.056212407952638654,0.028416371849032063,1
0.03159740876862481,-0.003511403654785762,1
-0.11169845775481209,-0.01096235701433012,1
0.006439836841372674,0.010078875419025198,1
-0.041516520275029764,0.03256361818935147,1
0.02493328773011687,0.030512957963388338,1
-0.01965674603373867,-0.017056163853107976,1
0.06295468993317532,0.006190093604309856,1
-0.026885820798518107,0.019717758724067704,1
-0.1082027086002379,-0.011369569092001802,1
-0.042526055584337266,0.025969221490967264,1
-0.10294540705889216,-0.010791841851231675,1
-0.06911540316005202,-0.012876362402829881,1
-0.10078897996104094,0.013763288815926217,1
0.02668459122804851,-0.01057370944037636,1
0.05037609902084198,0.018987779676110404,1
-0.028683980134820597,-0.005658072311820611,1
0.018419636324968423,-0.013829505674721899,1
0.024903510368574883,0.0010552177137865444,1
-0.057104456566190176,0.008971401831360894,1
-0.13513722766081648,0.01497464297203941,1
-0.03693130626495867,0.024944455680520197,1
-0.03745696527416618,0.006200743940406445,1
-0.0038237023064137884,0.0021577941799945134,1
-0.017688060453017088,0.020462743606372572,1
-0.1270803415203789,-0.0004374861857683564,1
0.03016067789623309,0.011214490626539031,1
-0.016826786160021673,0.002890947882054448,1
-0.13632803268895421,-0.0028317509136927734,1
-0.006499228223084796,-0.00999706986846439,1
-0.05737044263387992,-0.009284632326677582,1
-0.012392809165427829,0.03700415332508876,1
-0.06995417455935915,0.00662041671197763,1
-0.12746203202299083,0.0165384691578367,1
-0.022340638917419567,0.011720166706040383,1
-0.003620411278616509,-0.01798704916691605,1
0.0029688117189919927,0.005660891367060106,1
-0.01128568995052072,0.029326565689034065,1
0.013918173382417354,0.0025855058397108843,1
-0.15114697162760998,0.007997681125346653,1
-0.10076066084933513,0.014169724590681373,1
-0.03369253647718966,0.037896196515820844,1
-0.17469615647781472,0.024475607064437962,1
-0.004065504878141793,0.020312892443563595,1
-0.11419485369811154,0.033615741822086466,1
-0.1590942837724652,0.04798038125389349,1
-0.05336884384102876,0.04923672836929809,1
-0.13775303120425728,0.04391015773902441,1
-0.011413042427904307,0.02532688396247974,1
0.0015536715145019753,0.022631099671123398,1
-0.08200698287490996,0.0349444904805633,1
-0.01575223100662282,0.015990679522037345,1
-0.07953759434782476,0.03383428451855663,1
-0.17629647189932804,0.044039338376151184,1
-0.14546067918568215,0.04020369362682076,1
-0.0930925733737824,0.03677619078065182,1
-0.05509110828509063,0.020721257034655133,1
-0.11844238385126712,0.031402759557662474,1
-0.12597517947686948,0.03190707116604072,1
-0.0063174497243743966,0.05117032834847517,1
-0.0037942742648235384,0.029123978204775178,1
-0.1523371840964237,0.053388577797443784,1
-0.17673330651763844,0.018982952188139855,1
-0.10438065281235973,0.048283880996723816,1
-0.15814003611871458,0.06226341766001977,1
-0.15982063881043082,0.02240269469503448,1
-0.06205714416146381,0.044126626033758706,1
-0.1747974339088823,0.0414003638763377,1
-0.1534566328117059,0.0486736270340655,1
-0.1405291982338921,0.036502027929185575,1
-0.15587173580709443,0.07114511454073452,1
-0.1326187073943742,0.07957469819866395,1
-0.16271972070078622,0.04857023141177043,1
-0.1666452127065181,0.06293826671249898,1
-0.037609938493791295,0.06315112786983337,1
-0.10778950491033473,0.07718554844575598,1
-0.044773045154814714,0.07292968213929185,1
-0.11314762092384045,0.042629436345505436,1
-0.09488277559894963,0.07785371372648972,1
-0.1324839550980682,0.05990626343544486,1
-0.18328348287154939,0.06632539499226925,1
-0.0646273277402898,0.0745480342078304,1
-0.03984783243941108,0.09752760953854912,1
-0.1669525652140001,0.07209210059236149,1
-0.1305225345159881,0.07433039234311718,1
-0.1054585196441776,0.06535154341870617,1
-0.08443093067100879,0.10198446075261072,1
-0.1289225906859195,0.06335574856827673,1
-0.21888746547791288,0.07319889651962588,1
-0.21472326833456634,0.06876869970873743,1
-0.18477835918502328,0.09747421529243021,1
-0.15948228803265727,0.12315075404714766,1
-0.11687543984962816,0.12179299581843646,1
-0.0805981322730469,0.11917091645572912,1
-0.03608957151506399,0.11626764372306476,1
-0.07186463825329134,0.11549884973202709,1
-0.1919966452064622,0.11878283217985,1
-0.026398734966756307,0.10724681418431156,1
-0.0636526255942689,0.09407166270790794,1
-0.14999189941081467,0.14447942810659295,1
-0.22340159287814057,0.11128002241745241,1
-0.0765614055467157,0.10725724515599352,1
-0.1270755412518903,0.14190441348838156,1
-0.16615977205546156,0.12791787023909496,1
-0.06400867608038258,0.15603089873057494,1
-0.17217265234381712,0.13804404986937482,1
-0.05393280282412141,0.14189159434202908,1
-0.04928825704005757,0.16224931879594087,1
-0.10707932283186318,0.16810751538775848,1
-0.11533351567001726,0.17415304900271253,1
-0.09243779920731943,0.14569543553082295,1
-0.09541002621495671,0.13680306920958502,1
-0.15137798416719567,0.1675528768623835,1
-0.10103052154303022,0.1431353339934678,1
-0.11596713484847815,0.18407036088223555,1
-0.09453488891863193,0.13880637379403374,1
-0.17396813561892288,0.1736074202186184,1
-0.10619056669821922,0.1916584663243648,1
-0.15541308610057375,0.17765535429951823,1
-0.20257754651306392,0.16431240997744362,1
-0.19176512052242387,0.1885482826013226,1
-0.1616097164792479,0.20223246330644606,1
-0.022823194792109383,0.16657434144277236,1
-0.1038605497320602,0.1657126385602221,1
-0.178347246857595,0.21483502687220707,1
-0.16264213615198184,0.19184475160733824,1
-0.11105887005933335,0.19030691720274426,1
-0.12820158163290804,0.17317649341324295,1
-0.15271056733636582,0.2180782203722807,1
-0.17956174596718155,0.21279459062781841,1
-0.029499621845848617,0.21161863461651395,1
-0.03731625493433452,0.19632226021245291,1
-0.016256183679036584,0.2061001076587245,1
-0.06149110911856698,0.19185093569142678,1
-0.15610362030491326,0.19135743153764306,1
-0.07253409895569685,0.22837829506121893,1
-0.044382672765530276,0.23210024642401617,1
0.01721461479264985,0.190650779050518,1
-0.09076711981991543,0.20750671510761926,1
0.0275430673766099,0.2149608501411147,1
-0.08706354208379005,0.20661233278474733,1
-0.06434963863446576,0.23077008407520744,1
-0.0917418710850469,0.2449569748016951,1
-0.15405060444366653,0.23476234403383417,1
-0.021697583013602806,0.24694098349466972,1
-0.12692581535008007,0.21716531749592902,1
-0.14242471666228082,0.26136109667679924,1
0.021079458197330272,0.25692423977563955,1
-0.12543795785193024,0.22655826843513338,1
-0.02056994677590232,0.23852550640706466,1
-0.04623013018795461,0.2562746679911733,1
0.05788095684065583,0.2616180141745964,1
-0.04427861542186309,0.25888599856714495,1
-0.09228316293855965,0.2718380972240164,1
-0.12902665179788475,0.2733908338738558,1
-0.07215001771025056,0.26520653537157185,1
-0.1188545502272812,0.2684755798839075,1
-0.07849061714255515,0.25083269647378764,1
0.0522562235280029,0.25531771832464223,1
-0.06917552515041893,0.23155982015637186,1
-0.019118825400549155,0.2794891193749035,1
0.047968942946965194,0.2787406131015698,1
0.0006464809751271505,0.26841525588484005,1
-0.04852408822561697,0.24081550701975984,1
0.08876000199420503,0.288579645528517,1
0.056026417538765944,0.2752175968228699,1
-0.06524346707139914,0.24745307429749736,1
0.09560617979712399,0.281031427534239,1
-0.02469372079080732,0.28169660895960935,1
0.037116332466803285,0.2614517907945317,1
0.027078499697178026,0.2893075106888749,1
-0.04471712683311899,0.2597481867198624,1
0.03732984640004502,0.26804530019356954,1
-0.05525545748971819,0.28263399209918555,1
0.025181872114230522,0.27225616735754554,1
0.07020935324918777,0.265606561841165,1
0.008852177764990032,0.3035286366111841,1
0.026663083374024482,0.26838110997245723,1
-0.06593115811007891,0.3046684384547537,1
0.1037046716114352,0.30425433666811047,1
0.0694206364974755,0.3037794416828503,1
0.02730346398446694,0.2827435196553835,1
-0.002860317635528492,0.2665267630795075,1
0.07745472624916133,0.29705519794332785,1
0.15940933503636148,0.27616097375886195,1
0.06664420032854153,0.306938449594929,1
0.17525642248928214,0.2976237163277201,1
0.06714765886327936,0.28794896710246565,1
0.0010133592669603966,0.31762478699403285,1
0.08915910599216059,0.26913990342819155,1
0.14722918706511012,0.26779648474501194,1
0.0007993719004693589,0.2799806802124628,1
0.12855679545628013,0.28945850729892836,1
0.15343502603172832,0.31811351731482534,1
0.01817792287460787,0.31680072821193545,1
0.1705119935822102,0.27806813776925465,1
0.108819512172467,0.28522543423614644,1
0.05021036132531878,0.3020513700489864,1
0.06384146359935344,0.3083513630035575,1
0.17854929995494817,0.2990900526176401,1
0.061591516783993785,0.28745561275923537,1
0.030162659561863356,0.32035909766529214,1
0.1976465216410944,0.3167571342908672,1
0.13206830998826222,0.30233567802009764,1
0.08534686282200374,0.2888464002654793,1
0.12101063315287185,0.2931421401245474,1
0.16048520649283485,0.29043893114162145,1
0.19413318365327065,0.28026728371487913,1
0.1887377439106169,0.28560191192319573,1
0.09139779019255127,0.26573993622130687,1
0.19650728440728976,0.2628553628775559,1
0.21715888456974008,0.2746311978728111,1
0.10090700547668349,0.2599959104279944,1
0.23723970659569638,0.2524223574263061,1
0.1231924502315205,0.3000959467521019,1
0.19535601054198226,0.2953414489834469,1
0.16828400127970847,0.2615588520314083,1
0.2977073981845202,0.26249700350109867,1
0.17695791990818477,0.25956607973685314,1
0.27405902611232213,0.2295314539211774,1
0.19337183364680666,0.25513293064745707,1
0.14229585866573866,0.292188326157697,1
0.2466297930662598,0.24491037881849076,1
0.28034669605360973,0.24214712880481964,1
0.160161263548965,0.2881617023779937,1
0.1391771336451354,0.27458041537039707,1
0.24611536155783445,0.22478605009436775,1
0.16135011626541224,0.2586089679733644,1
0.24532493855320278,0.23325837639484254,1
0.1957372917999765,0.2474959281908918,1
0.21183553707819586,0.24094561447374063,1
0.27378086933827395,0.22338090967659568,1
0.250711429057297,0.2687360112851188,1
0.28198424882522244,0.23500047262709958,1
0.3226380138663385,0.264277159721096,1
0.33316457064813587,0.24070208194785425,1
0.2547706703694012,0.23506954777184452,1
0.2180812656186751,0.205975173532402,1
0.2576494188415533,0.1938686129201998,1
0.3387154427215856,0.17766405409336553,1
0.3082247685559124,0.22780250238161118,1
0.20040309138504087,0.2180316977064535,1
0.36654665755891325,0.2254674112308879,1
0.2650473606004394,0.19622734404944728,1
0.3398961895539637,0.2396201512461377,1
0.4002817059785867,0.1913421808907474,1
0.27531330166401574,0.2056227875309246,1
0.31242064020386556,0.17876491996306865,1
0.4141987154279858,0.17590574132331938,1
0.41967098716757373,0.13943014101021248,1
0.22077288171062248,0.2057991771143865,1
0.32552120769913273,0.16457222515085815,1
0.27948562728890775,0.18315078153203834,1
0.297841458275647,0.17688342667721435,1
0.3283411668549734,0.16247200079558613,1
0.41409356055206425,0.17689432370529357,1
0.3499147727764774,0.1920000802898966,1
0.3196175189723599,0.13873666014470998,1
0.31807780798923224,0.16107722816950043,1
0.38986339725285857,0.14756836526409592,1
0.3851485128947161,0.16911333278190063,1
0.2930894029301578,0.10317365420637475,1
0.3475690977575928,0.11479231400628503,1
0.32868103491519596,0.12170857548519463,1
0.3955691596809199,0.08753470781217225,1
0.451962487670245,0.13833518988412893,1
0.46556326389016356,0.1395767412692432,1
0.3953765771044522,0.13412849350091813,1
0.28743067707715053,0.12992933344637828,1
0.30555957516356846,0.08319365333007855,1
0.45982346879970415,0.05066696571841776,1
0.27364960281838285,0.10475635932615261,1
0.2981102870649381,0.11776937489377459,1
0.4651943849873984,0.04151580835279209,1
0.4575209009817959,0.06620706448444647,1
0.3312520273600994,0.03175871866277029,1
0.3768946766506987,0.06970540207161455,1
0.43086493280699983,0.029316789790244262,1
0.45562540108948757,0.030036465554470697,1
0.4902317312857475,0.052197902749840805,1
0.4669425825688602,0.004333454056082405,1
0.3191755398859949,0.039885952013443526,1
0.4564907013106254,0.04793140031228336,1
0.40830314663305545,0.021561251473886874,1
0.3822055349639646,0.0645475685611819,1
0.36007524752040004,-0.016510275152892523,1
0.31920113514352877,0.026854694267856062,1
0.3736239090181208,0.019229001072517186,1
0.3106657089849741,0.0022109662441174883,1
0.42250968470090144,-0.033628304428040046,1
0.3780172179885176,-0.037483640280764535,1
0.3119174962104153,-0.05142642606294948,1
0.4008639573398121,-0.014684693639232908,1
0.4817976174308206,0.013853995389130066,1
0.5113062290821563,0.010834376670341843,1
0.3795965035304066,-0.08862296878223308,1
0.34484587352909957,-0.004057574846266732,1
0.4741230141996829,-0.07783717313939992,1
0.33375451795503447,-0.06150571220537454,1
0.4878463009765287,-0.05670984647080668,1
0.432426299126791,-0.057327463903642045,1
0.36584718315112996,-0.04620995130678332,1
0.4534219831454162,-0.04435122364728305,1
0.3298038779425501,-0.029539549877211482,1
0.35597870568231876,-0.09670526011676872,1
0.4471275905040172,-0.1108957319775442,1
0.4839007935286157,-0.09772173203907876,1
0.33373534593452103,-0.10934912196296068,1
0.37991533701071956,-0.07155230625071785,1
0.3573503703874848,-0.08202139516104127,1
0.3725331274298157,-0.12438951256584316,1
0.31111928950899737,-0.16525729119542518,1
0.42884886728764204,-0.07047090503552064,1
0.3373575208839692,-0.17920640277308827,1
0.49651329910746395,-0.189062864926729,1
0.5023419745585813,-0.1141723571659522,1
0.41420629250380214,-0.15577168937125108,1
0.45162335332744485,-0.1635516536470145,1
0.42602775332576137,-0.20229032555024162,1
0.33243152312191715,-0.13141687201329633,1
0.44499965480250075,-0.13636406954472638,1
0.4360667697464583,-0.19608971152120688,1
0.3963661104920135,-0.21180036213401376,1
0.4275277417733342,-0.23802568510115357,1
0.3859316449725772,-0.19286102247322331,1
0.4040618092366598,-0.21877571359090145,1
0.48911746614243745,-0.20696731152476214,1
0.459190396848969,-0.21739695444876933,1
0.41784330255425156,-0.22268760208518512,1
0.4876007521764203,-0.200996499762729,1
0.4852111780428396,-0.22570310327925316,1
0.32385510324160516,-0.2090840578627329,1
0.3377616677878376,-0.24273271697936527,1
0.39272874484492165,-0.24818458092208165,1
0.34804790790657636,-0.26855418555201277,1
0.3147213430154037,-0.23003257137760807,1
0.2742358289839948,-0.289179376790005,1
0.35185515149210295,-0.29498865011644204,1
0.35149398852551106,-0.25327828369014516,1
0.3724965457185424,-0.3101016686525625,1
0.41808309127569043,-0.28609348610576096,1
0.3373262771341957,-0.2794422905643989,1
0.3848626338750831,-0.3160146690906219,1
0.25115154168658177,-0.32414743880582253,1
0.3170193037987141,-0.28988488354501146,1
0.43236684488348187,-0.3366651797282052,1
0.4209323730813743,-0.3244165470963684,1
0.2541732997139692,-0.2965659694478966,1
0.3588927525683679,-0.320494141372297,1
0.27282641248680894,-0.37776632996325615,1
0.24282919679603254,-0.33488596867865694,1
0.3918635629992012,-0.33170234387710695,1
0.30988072373293246,-0.3571764355361011,1
0.27065800313488736,-0.3594377771163185,1
0.1857869604632047,-0.40305161565225595,1
0.25205125804748174,-0.3511403351021741,1
0.3251377202797394,-0.4039791108619931,1
0.21757086686898142,-0.40628313450366266,1
0.269098381778333,-0.34153470806378106,1
0.34317715707622926,-0.3983362431118543,1
0.22042400004334897,-0.4244521719390918,1
0.3358848345483662,-0.4180415168235824,1
0.32866954192701137,-0.40505713517580216,1
0.27268334966565744,-0.42814120295094626,1
0.32016710138504545,-0.4010584097141105,1
0.3108483010404919,-0.42175985600854166,1
0.31843532647175316,-0.4014027517992302,1
0.24495657891538364,-0.44189198701119453,1
0.2962805249202523,-0.44003868127440515,1
0.2000919788247519,-0.42981917543533754,1
0.10827138330737013,-0.4610377177533901,1
0.22767805937009356,-0.4144972579389874,1
0.12956746223098747,-0.4888023473980062,1
0.1755732574415971,-0.46228461239600327,1
0.16944435308351882,-0.458390767873399,1
0.15978268029101517,-0.44702570699170296,1
0.13529840651741412,-0.4464703586725997,1
0.10271878498317084,-0.456449953615271,1
0.15003571063572915,-0.47473160275757587,1
0.07914568487654769,-0.4813512161732535,1
0.13274032399781457,-0.4585675230126403,1
0.1293751105552172,-0.46712785333648205,1
0.1584917411263243,-0.4667895410005185,1
0.07840270329337568,-0.5003673808696214,1
0.072663000180248,-0.5025382703002105,1
0.08648082311213229,-0.4749851272551468,1
-0.0007822698818111817,-0.5163968980605671,1
0.10041405586813429,-0.5077833190893619,1
0.1659187755915213,-0.49355302595578354,1
0.2029252513490202,-0.500916255304921,1
0.030085630157594294,-0.5156963006794051,1
0.1323684444474053,-0.5100274300185242,1
0.056768251996592245,-0.529455268696056,1
-0.028187102113672674,-0.5095348645958004,1
-0.06770801889480466,-0.5025514098749903,1
0.07949204049330005,-0.5115723510856726,1
0.019630822591744104,-0.5197903044986377,1
-0.03208135387267942,-0.5216108327005039,1
0.057879257287574946,-0.5323392537600471,1
0.007456155280693287,-0.5396911038277936,1
0.02400628824167838,-0.5498848422700452,1
0.033512814272378545,-0.5471655660032289,1
0.08806213827221666,-0.5472405672564575,1
0.047444205116390054,-0.5232836103386919,1
-0.05133445853540634,-0.5142666525966307,1
-0.026472738452546024,-0.5197535728641325,1
-0.07698033803687071,-0.5540959734231111,1
-0.055342756409955694,-0.52455649362453,1
0.04437258023617227,-0.5599631028384202,1
0.046299697913554254,-0.5315146418738156,1
-0.08082862710061169,-0.5220785674122024,1
-0.1152015182817886,-0.566577139844494,1
-0.07827037032081142,-0.5543925533154213,1
0.01314430836171157,-0.5410409093411057,1
-0.005418665505259143,-0.5683835790714129,1
-0.06217120788800087,-0.5480785196915452,1
-0.09694333358347719,-0.5470981637745964,1
-0.1237367334951954,-0.5240797891288284,1
-0.058534005161852296,-0.5605197768289772,1
-0.07069454336027067,-0.5328880179604062,1
-0.19337387098706782,-0.5357829097254492,1
-0.07181804465212807,-0.564181994256008,1
-0.23520466257446954,-0.5294610501430722,1
-0.1640687581630269,-0.5579691372955745,1
-0.0872755569039245,-0.5221855449904009,1
-0.15129036914284144,-0.5292652016979763,1
-0.10398262877598893,-0.5413531536686156,1
-0.20866274465203122,-0.5296782876122077,1
-0.2564980363179013,-0.5527829215363272,1
-0.25790058187679143,-0.5336846767630833,1
-0.3266445179558587,-0.5156822319049975,1
-0.1570378986636754,-0.5456973086460819,1
-0.12061414066051757,-0.5607140849251945,1
-0.35245733397542234,-0.5164128334656889,1
-0.273394244921786,-0.5049079159111405,1
-0.18766358302440675,-0.5415897193432031,1
-0.22184564216300978,-0.4853122566317323,1
-0.20728295561677051,-0.5312563595361818,1
-0.281300962924811,-0.5395024372879703,1
-0.2022806452908351,-0.5448060885781005,1
-0.24585909416230536,-0.5224461617152434,1
-0.296006712153135,-0.5036871197758833,1
-0.2154366262862622,-0.5355567163009621,1
-0.37945368597864126,-0.5380524869620111,1
-0.2755482505891059,-0.5094742802836075,1
-0.30810739126723546,-0.4473515557372687,1
-0.44916021775003506,-0.4424421482806075,1
-0.3718312229432632,-0.5289868381528113,1
-0.37551155084073257,-0.49318362521874537,1
-0.39170556443650295,-0.49518003155359613,1
-0.3726073793533194,-0.474054262975367,1
-0.3212461773474441,-0.4592133828102741,1
-0.43602509306505643,-0.4666012614187029,1
-0.37837766324776834,-0.4934588170609434,1
-0.39005714268144853,-0.4658635954609436,1
-0.4453846105619013,-0.468771840421929,1
-0.41330293696253406,-0.4682646307585513,1
-0.4169437839003277,-0.5098062977932659,1
-0.3723381144644326,-0.46058659364127186,1
-0.46487881928437463,-0.46640691900946907,1
-0.4191481269815498,-0.4107572863339721,1
-0.40824788122061473,-0.3805005391008015,1
-0.4932408696737375,-0.3937650654974389,1
-0.5362187574811261,-0.4591594130096608,1
-0.5251672653075572,-0.3723899922994143,1
-0.42758441063671154,-0.43612212132161204,1
-0.45860550965591734,-0.450372815548722,1
-0.5879199267972902,-0.3989630397528883,1
-0.4627435677213235,-0.35776302976578156,1
-0.4765737506317264,-0.344171683767753,1
-0.4438800634216638,-0.40656097130778446,1
-0.45805213114576016,-0.3756258781307857,1
-0.4038269367522631,-0.4231021801953181,1
-0.47080242669843847,-0.32905958862892204,1
-0.588762193774712,-0.3970538676842988,1
-0.4807573122757053,-0.3030043888502682,1
-0.5538319291270271,-0.29333810794931603,1
-0.5747991925364796,-0.348474175809849,1
-0.5050312919269877,-0.33119688356085725,1
-0.49303962616545877,-0.320229468133503,1
-0.5145428716668542,-0.29068158926614884,1
-0.6572250582620809,-0.26410781307731684,1
-0.5174665416162345,-0.28078209705070634,1
-0.5887295631042307,-0.2630864400740105,1
-0.4938821240881802,-0.30627344324269073,1
-0.642414376894464,-0.3004581016978228,1
-0.6480343892749298,-0.23312868177062196,1
-0.6965788742377589,-0.22125301186893542,1
-0.5313899424450652,-0.2897649310276625,1
-0.6586480543444598,-0.31924160249091665,1
-0.5767449424373865,-0.18803301243406126,1
-0.7009437667375135,-0.18271650996460068,1
-0.6150031986227342,-0.1505243278873701,1
-0.5736074885006633,-0.24260949962291448,1
-0.7288680466236084,-0.1635206913851618,1
-0.579701921768671,-0.17239160020740052,1
-0.630880846264723,-0.19413140698304962,1
-0.5550105530116749,-0.20891844777903504,1
-0.6072440383855696,-0.15903192583388695,1
-0.7468457664512866,-0.17048945862948178,1
-0.7161815288664902,-0.12142496582827843,1
-0.5781095807440282,-0.17103375307406765,1
-0.6257579726282827,-0.16636931870242566,1
-0.6083867624307382,-0.20083817038874613,1
-0.6300458663402728,-0.12468682556154123,1
-0.768581412951459,-0.07196465267597613,1
-0.7224218630469716,-0.15223392127263943,1
-0.7827460125783017,-0.04601270691376677,1
-0.6789273385559376,-0.1430177851409575,1
-0.7047945937790769,-0.10716643839514572,1
-0.6293526859029778,-0.03805378054598048,1
-0.718545548486118,-0.08700516325971124,1
-0.7640786756844993,-0.046875104336299864,1
-0.6600327495151055,-0.12842843536525436,1
-0.6715713304179002,-0.08963134804950708,1
-0.6221538179930226,-0.1051435171905516,1
-0.7026272166670539,-0.022376677016562697,1
-0.7371012906013489,0.04567757078066571,1
-0.7542811198394066,0.06736993585130896,1
-0.7047001532208653,0.04198433161086021,1
-0.8138912511740312,0.025202696486857197,1
-0.6258920594823179,-0.0035832684942286586,1
-0.6496345544630664,0.056965707269279804,1
-0.6287043442913991,0.04080313681802594,1
-0.7978433802866994,0.06316269045830264,1
-0.6260689136381387,0.03008910297538351,1
-0.7460603269631992,0.04979285470530197,1
-0.6582597005401934,0.07631618814152956,1
-0.6984484050108969,0.060588023915304094,1
-0.7018712643885845,0.06098699632237213,1
-0.8168052838367659,0.05272192085872679,1
-0.6757789797209969,0.10039668604806415,1
-0.657020660916236,0.18414787305909736,1
-0.7464494982819331,0.06395947625734917,1
-0.791890562537224,0.1374157884491257,1
-0.7013879623424901,0.19708856111688966,1
-0.725499287091372,0.10981362433183652,1
-0.6737495172039589,0.21109183482504118,1
-0.6987229517129251,0.1782474205126014,1
-0.6855140810269472,0.18114264763052954,1
-0.7518290278380209,0.22643068444353842,1
-0.6814628044111872,0.1755120083867055,1
-0.8108433441199788,0.16448370130026022,1
-0.6324970913240894,0.2733253660855554,1
-0.7204612007416648,0.29876244695465437,1
-0.7268318436210766,0.28395011072691667,1
-0.6263525147273475,0.2387893269398075,1
-0.6626863441494885,0.3546456191460135,1
-0.6431691069660894,0.2621927127621021,1
-0.6352858948074276,0.24031382470571092,1
-0.6702850734579188,0.28319373173403817,1
-0.6199292726905672,0.3779986277107675,1
-0.694613781541801,0.3399271630208925,1
-0.7483982544108356,0.346489685323899,1
-0.7222138967280891,0.3683279069332478,1
-0.6921433719607947,0.3354080725275665,1
-0.7032928571841076,0.39208525472777817,1
-0.6864766602829381,0.3078758250314888,1
-0.7471211637392786,0.3953346849135512,1
-0.6300469816504799,0.3304582883339259,1
-0.7356890290283413,0.37107918289663594,1
-0.6916185945130522,0.4367377004887368,1
-0.7136839945882953,0.5130328629942703,1
-0.759108656153457,0.3822493797738529,1
-0.7770092561646319,0.410355858320202,1
-0.6421059139992548,0.4504654338388768,1
-0.6210191279501607,0.4248509797530188,1
-0.7139441198671777,0.497770252862967,1
-0.5943507760771253,0.4479425941523952,1
-0.4860059728341779,0.5643696172096014,1
-0.5543691568254996,0.5398396822391934,1
-0.5973872141589204,0.47250110552034813,1
-0.6901108073114612,0.5487134280077512,1
-0.6552777999787704,0.5494277420652908,1
-0.6740649804876839,0.5496887820481156,1
-0.4603907639753186,0.5919274133272284,1
-0.5419045097016216,0.5542978893901574,1
-0.5106841964396871,0.5083300402929186,1
-0.4314772582429377,0.6394218752804237,1
-0.6718687601858919,0.5608519882536576,1
-0.6168674110035813,0.626787256457843,1
-0.4940921449329171,0.5670391516737633,1
-0.6457077224218936,0.5616751599934664,1
-0.5955355964988431,0.6445136052491387,1
-0.4686289037502553,0.6303172466809652,1
-0.6471129845999553,0.5926609553334923,1
-0.6018309010385725,0.634559668286895,1
-0.6071789029088522,0.6181013204464292,1
-0.37411466931969894,0.7045721328720235,1
-0.45445834522670536,0.6566091670767,1
-0.4281256789946891,0.6249872878295862,1
-0.6044938181453354,0.6096344983271822,1
-0.40947489998610087,0.738201047858222,1
-0.42336328359871533,0.6985334398166814,1
-0.42843936314270303,0.7369745561431924,1
-0.35408785323501774,0.7324479928953215,1
-0.5069677801425069,0.6933764952476932,1
-0.37971971112459435,0.7324714983197811,1
-0.4372978389399946,0.7413330892779351,1
-0.5185460034311042,0.6999441940028256,1
-0.48051349501312984,0.7523720236063076,1
-0.3749314219406837,0.7987259191478489,1
-0.332075609782766,0.729608234346599,1
-0.2329052063827096,0.7888012438516032,1
-0.22094251086735675,0.8188718302482795,1
-0.3083770448190426,0.7671222971405475,1
-0.23733398401291875,0.7961026369122742,1
-0.37283712921802803,0.7377391085733668,1
-0.3471877914539457,0.8000255426209656,1
-0.23835502773662567,0.8192232860471746,1
-0.28185856927886777,0.7900251097038058,1
-0.4251053698081784,0.7600174878462826,1
-0.36705427374231137,0.7733683614262269,1
-0.29660400526881725,0.8492869943883208,1
-0.3057818801847587,0.8387093684742298,1
-0.19719282368585306,0.8650680531209634,1
-0.07775022494356962,0.8287930559701853,1
-0.22077607663552892,0.8514430480613274,1
-0.15471059430370074,0.8284021156671729,1
-0.2576246366155999,0.8470553072581986,1
-0.3154648920208466,0.8358582746422111,1
-0.05262831649587463,0.8506500032065021,1
-0.2571639316392185,0.829065496225591,1
-0.1197940003819098,0.8626274661179973,1
-0.13901009851502347,0.8520104781893021,1
-0.20041042373176932,0.8815987648136516,1
-0.2348108905360111,0.8703402863428793,1
-0.12113230495466831,0.8992211542114197,1
0.01750029244089201,0.9079416535469301,1
0.008123074981041228,0.8668981011578816,1
-0.12938839632406565,0.9003221630661344,1
-0.1412030659748348,0.8929050210581913,1
-0.05470931972882441,0.8706472673435545,1
0.09365997176334914,0.8728863028270949,1
-0.18169379997630428,0.8737096311846179,1
0.011791479900012218,0.910716743445547,1
-0.1474130131234379,0.9140220649268509,1
0.03911899309179408,0.921218629057202,1
-0.1394122979158981,0.9042761318409936,1
-0.06737987012845668,0.8816073886633444,1
0.03895713120417122,0.8871098963964585,1
0.12208056610208193,0.9015882873679112,1
-0.016480894744381115,0.8876074244953334,1
0.05821847909887494,0.8884183541314717,1
0.022703956763821448,0.9021819333211809,1
-0.022669226562427258,0.9007182629035615,1
0.18513370162978807,0.9023768773312378,1
0.06576254836946746,0.8995709694854931,1
0.24197123197265122,0.8807726878568581,1
0.17497882298479417,0.9006909316013143,1
0.1877334351853671,0.9200630271408835,1
0.1306532171511206,0.9349389926469811,1
0.17079303195078196,0.932601696633185,1
0.2713667926365595,0.9065217406255597,1
0.2602695286709249,0.8832908751624082,1
0.19712696793012796,0.9043530235291048,1
0.37119390608974556,0.8612564017443393,1
0.22057070868996934,0.9211442798236906,1
0.2202633889933797,0.8807137787454529,1
0.39032783642777397,0.8799460820039474,1
0.29435384182786944,0.887615520094847,1
0.2957296758965076,0.9266708093761651,1
0.31277863863453315,0.9096337542928292,1
0.2092359968487956,0.8955458957564775,1
0.3788074077790992,0.8709015309867927,1
0.3482657479218444,0.9059863604218711,1
0.27156343339490696,0.8814973869967307,1
0.3227503730109782,0.8761030018590661,1
0.4255493733444761,0.8706374174466038,1
0.28204722479441,0.896121944688069,1
0.4364743162516007,0.8560530621847486,1
0.34872379751670746,0.8505861503772799,1
0.249484573882031,0.8675500446066691,1
0.4109448894291402,0.8124274874467939,1
0.4686652484529674,0.8136492584480206,1
0.4686794739171427,0.861242358511014,1
0.4843447783593525,0.8071735579608975,1
0.3437875432638583,0.8643067074226716,1
0.4960740967320339,0.8185248238672039,1
0.34756538324167774,0.8642919042216866,1
0.5912847400309018,0.7452613512832201,1
0.38286775272601004,0.8257697214014413,1
0.47744030731409065,0.7859011311764373,1
0.39595097509437543,0.8124175355736878,1
0.4807817159513872,0.8491075780640157,1
0.5451917083543171,0.8372128787297792,1
0.5219922040197575,0.744753684270467,1
0.566484311275606,0.7247905833695892,1
0.6721016979852347,0.7581003647773648,1
0.5768942159868143,0.6945369004903399,1
0.625580047240637,0.7419333195598552,1
0.5236522974296427,0.7972371363106705,1
0.5562934788754238,0.7398501397979625,1
0.5887577317536391,0.79543830749077,1
0.571231322798316,0.738742352651919,1
0.6023337108108864,0.7685892227157592,1
0.5817191917025158,0.7262847089476537,1
0.6880584926688902,0.6751592944338392,1
0.6165309045091001,0.6722328207030988,1
0.6447538982744707,0.6553337173986193,1
0.5635428938139977,0.707528246801741,1
0.7154627609624932,0.7380738327923175,1
0.7948899662506779,0.6627465109348697,1
0.6267225743791296,0.7347387565490411,1
0.6428337137182912,0.7044530925840298,1
0.8142109469281128,0.6365996085255543,1
0.7443281045754547,0.6500498321267685,1
0.7228777962171307,0.5793732941204974,1
0.7242579217321283,0.6459026145174273,1
0.6606088218718277,0.6558239322877344,1
0.7746648883762028,0.5853119957534199,1
0.7184889771398686,0.6520564358412706,1
0.8361716548577072,0.6187296134815994,1
0.8025013361567802,0.4661212770664817,1
0.85804235307923,0.4787437768992029,1
0.9003393957402772,0.5179852210814655,1
0.922351105944414,0.4330170131907545,1
0.9522863946361496,0.4815824053193106,1
0.944895663333523,0.5006352605224338,1
0.8725813291968316,0.44267100684160493,1
0.8355336161711852,0.4769586125523528,1
0.978885180520447,0.40804059323976183,1
0.8656578176645229,0.4916683350449453,1
0.8139420888770696,0.4580813811597671,1
0.9231267302704382,0.4117074139525463,1
0.7832576256678467,0.4922437258387209,1
0.8000838261061414,0.4925933103863488,1
0.9054746639008315,0.3999386918201163,1
0.9167738851910328,0.36969061107020873,1
0.9024187868862736,0.368366215291583,1
0.9095219939917839,0.2683486380434281,1
0.944791329572356,0.4219979299055221,1
-0.09474731137059451,0.007903905436362392,2
-0.028152729608147433,0.027626324204965386,2
-0.030041284562421333,0.046886069221894956,2
0.007474031179816998,0.019778909861606426,2
0.06416027437818826,0.0035605238780107348,2
0.08831503701727397,0.02395099049169467,2
0.01382236764214719,0.015380033364137076,2
0.021399749087802053,0.0036297484061187683,2
-0.02918607837310458,0.03911057709719842,2
0.015769953428520733,0.010448038229053672,2
-0.04978068136387134,0.008180181857155248,2
0.0054918968292992625,0.01061735645076708,2
-0.076683745261799,0.03279830627268396,2
-0.060615106140174194,0.022030978952565936,2
-0.06464814647857782,0.025514132604214833,2
0.06730972346277912,0.027635850302810187,2
0.09354589474458244,0.04839258685076192,2
0.028157996219279363,0.008259106562079135,2
0.11849384754507848,0.004931791787505594,2
-0.03066058601053309,0.048350521046350764,2
0.05357796770941027,0.01008905060085129,2
-0.06080045640301841,0.033084998793740425,2
0.06042973650615806,0.005032176201590699,2
-0.05236917292688968,0.018083451731194758,2
0.08563800339244243,0.01963109341663339,2
0.02643340309692547,0.04432858497790023,2
0.12417424028718424,0.01911143260753961,2
0.009472642858644915,0.00905719909843044,2
-0.00019333965441601514,0.00039114573512344635,2
-0.010018895485683535,0.04178920977831746,2
-0.032671397752184646,0.016547019484742093,2
-0.015499680748121872,0.014154823274967598,2
-0.04122507964888294,0.012439863100605473,2
0.12199690739565311,0.02007962682664675,2
-0.011949389502483351,0.01117588349100925,2
0.039357636049388287,0.0020748778555113086,2
0.06294694913709067,0.04227237087376321,2
0.13340004686501628,0.00972630690904323,2
0.09719518592786575,0.028305925210654954,2
0.07196502180369665,0.003966959279096088,2
-0.04860827147661829,0.03062073737621941,2
0.009546902042519081,0.005520685922893452,2
-0.010453107748851297,0.004453187650487208,2
-0.01681238377322284,0.019149355496352244,2
0.1540812221548893,0.03324761650301318,2
0.12891471710900515,-0.011818125120491194,2
0.15278253290493082,-0.008076858049719724,2
-0.03627946872442927,0.005546593239458587,2
0.13721003998931527,-0.0016694516861658695,2
0.12359383770367388,0.009160853816698213,2
0.13486655981718532,-0.009735062715652125,2
-0.004454972831764728,0.018730229054356107,2
-0.0033725151822669025,-0.016582827626984653,2
-0.01906806323391705,0.01914987326645666,2
0.0043430956661970055,0.00405481331113796,2
0.031171473417596914,-0.011480752697834107,2
0.13960860911894907,0.0038444788940101074,2
0.07290604960929448,0.007246779182174215,2
-0.01340099243762452,-0.006637372746683648,2
-0.025814694907254965,0.012026007493849133,2
0.14554050045303601,-0.004513350152334242,2
0.03305709834528332,-0.0014308838364478424,2
0.1273955264202351,-0.00864968237889635,2
0.0621908104511574,0.0046581681651554074,2
0.15873937725289045,0.0009801526426305995,2
0.1055483011301551,-0.018782273612792548,2
0.09138862222975679,-0.04734827951066253,2
0.1320680261507867,-0.04431729240501597,2
-0.007376907197250232,-0.02930480537052982,2
0.1560789624500349,-0.042483031216427894,2
0.0721362057970477,-0.03269134818812312,2
0.03330256001447084,-0.02482140882061567,2
0.02245872006494115,-0.04894669264176596,2
0.06576189841877052,-0.04194769892389139,2
0.11680385430308413,-0.04465244118245714,2
0.02887821586279317,-0.04151140703335933,2
0.15488435128309233,-0.017463717499223874,2
0.04249334845340287,-0.031906957838284455,2
-0.02347400216958198,-0.03633721028079833,2
0.08846311568261031,-0.022977743085345066,2
0.039169813084820274,-0.029651789086713697,2
0.07296335426857373,-0.026567737712347154,2
0.12544929066474966,-0.033839293936589784,2
0.09991026462706473,-0.04055685137612676,2
0.01049612109248807,-0.04541694699553531,2
0.061825281193642265,-0.0589768531156527,2
0.020286430903710226,-0.07130636423818608,2
0.10197419627446969,-0.06961907726546238,2
0.15590886002530074,-0.055856275363255964,2
0.02376414944050971,-0.055808648576210707,2
0.11214494222020303,-0.04149855255292553,2
0.11901188772814904,-0.08214853028581519,2
0.026790077406955597,-0.054384982976155766,2
0.010855191168607212,-0.0700732173262274,2
0.16268060084244113,-0.05686109581611054,2
0.05653374759143079,-0.0961229284934593,2
0.08397734060354978,-0.09828033660029419,2
0.01867584264400199,-0.0639088815506128,2
0.027891039599239165,-0.06647219575470172,2
0.12457472125267575,-0.10995287305334565,2
0.025999896534510528,-0.07766394899351758,2
-0.005970322198096373,-0.09250137565359284,2
0.14595671799400034,-0.11660011974787184,2
0.0889542346728906,-0.1122035637605277,2
0.025699674607968036,-0.10119360596237895,2
0.10446292849013154,-0.08361470358249325,2
-0.024809950967934077,-0.11067576092700565,2
0.10118320434288147,-0.10920549396329327,2
0.1260936351009147,-0.09705609625201933,2
0.007469473397037622,-0.11703315070252054,2
-0.017006046667933566,-0.09273875501707501,2
-0.026338007555380294,-0.09046384895952762,2
-0.030901378801589482,-0.1081448562737375,2
0.07000438641426178,-0.11602866179202999,2
0.08605996354889653,-0.09193769217753975,2
0.024207509480299476,-0.13801165971613788,2
0.03424769767119917,-0.10675534632654878,2
-0.023811766134338552,-0.14434184744198852,2
0.04912588386946472,-0.12249993560811945,2
0.1284812124869346,-0.1396916357929965,2
-0.05554110378981493,-0.11789702248993976,2
0.10399885088470548,-0.1440956304858733,2
0.06567313538281225,-0.11895106514609824,2
-0.008362720238675535,-0.1406569007170622,2
0.13744362450935124,-0.12005537992928528,2
0.034228317710907064,-0.13077031586890792,2
0.04738481673922412,-0.1289114156303129,2
0.014518816514592092,-0.14172241270756347,2
0.004359274512016266,-0.16752595898127873,2
0.11297883875085339,-0.13413677219420916,2
0.04145898684743989,-0.13282752901869482,2
0.054242490925059644,-0.17019810503326555,2
0.0353286900576403,-0.14216031494787232,2
0.1127122618760703,-0.1419852060376449,2
0.08604061124309409,-0.15313931386234222,2
0.08097266051249485,-0.17875025799050853,2
0.05801221198584152,-0.13334148153782813,2
0.11625986748657557,-0.1436880358836777,2
0.06502800390309918,-0.145524756663854,2
0.05920295481260992,-0.14949883308299344,2
-0.07391121556691353,-0.18230984100797618,2
0.055830332313031125,-0.1804572003738421,2
0.07225697651166837,-0.17920803010896483,2
-0.04862594459908888,-0.17890031079680568,2
-0.0926495359098946,-0.18194204990495896,2
0.09535605962783696,-0.16308942117832276,2
-0.02591074906318551,-0.14277126267757767,2
-0.10037148330074701,-0.14710870109971233,2
0.024651321308906838,-0.15497358062545288,2
-0.12185907916762988,-0.1872694012603572,2
-0.04530418010458648,-0.17247825855127324,2
-0.06960558244238313,-0.1582146854570955,2
-0.08478543485179649,-0.17240953865645609,2
0.030802884114265138,-0.1756251342832869,2
-0.014924400957924688,-0.1749143730324886,2
0.013300226054223152,-0.15124397750798343,2
-0.03515916149860991,-0.15892292056305726,2
-0.051567506313693084,-0.16688263425655125,2
0.06622265876684037,-0.18047466774507903,2
-0.12200162403802844,-0.1726996278732884,2
-0.0026356583997389285,-0.15512979648216027,2
-0.10172355158892082,-0.18508397738210322,2
-0.10056682784812017,-0.1657635558299427,2
-0.09193093850273952,-0.1729163289196401,2
-0.15378589609780333,-0.16017511039591556,2
0.029569730999802327,-0.17558852217229082,2
0.015395733510698645,-0.1949958792027873,2
-0.04284932799514449,-0.16606570922361336,2
-0.03689441308158789,-0.17982668462220813,2
-0.06434013772204454,-0.19560005094648145,2
-0.1322775053823384,-0.16456375877206034,2
-0.09212674279902863,-0.20754004436181547,2
-0.07334163941527544,-0.17274365440955086,2
-0.15620397414180257,-0.1688128490984374,2
-0.04976284390158797,-0.20574161574062166,2
-0.09696913040282341,-0.1688239930775131,2
-0.1266665259061377,-0.1893342438880046,2
-0.09764898334993657,-0.17970547540781007,2
-0.10508912453344307,-0.20485023542034245,2
-0.08385905871694967,-0.1989679768443311,2
-0.17362983177350738,-0.19241689791791788,2
-0.006288092935032866,-0.1731214509541216,2
-0.1612473678604066,-0.18009668594847034,2
-0.1553636795954004,-0.2028839885960101,2
-0.13876161239722362,-0.16239879104648064,2
-0.11305980610596814,-0.18792183465906875,2
-0.10238672894975231,-0.18513619877155107,2
-0.10695749944122576,-0.17969575065061605,2
-0.10108468151724184,-0.18409959578840351,2
-0.0826825769643412,-0.16263850971099897,2
-0.06267799867426774,-0.1909001443420171,2
-0.24166549328936837,-0.15905768524540806,2
-0.19083372970007828,-0.1595841387260461,2
-0.21978728476469,-0.15744126438656017,2
-0.23341330673553864,-0.15898812789368344,2
-0.07961810766706903,-0.18540507765790207,2
-0.24006477580766894,-0.15654668561778545,2
-0.12362436204364705,-0.17688121539719287,2
-0.19342180647167023,-0.13355970330572767,2
-0.2310644165697302,-0.13422063451278443,2
-0.11517698490695441,-0.12966461424545717,2
-0.2642096868287085,-0.16727745582855297,2
-0.10857013197595794,-0.19317224534678232,2
-0.14511372702849532,-0.18273129989927414,2
-0.23312272482997837,-0.18155712755640174,2
-0.23990131462872688,-0.17168369668225933,2
-0.2508590077317404,-0.16313223349594277,2
-0.11909723649910886,-0.17601193591539532,2
-0.1102591125389828,-0.17016654473587106,2
-0.27959377272630126,-0.11466375815622468,2
-0.15018144297151548,-0.16253160593434635,2
-0.28724602212426653,-0.14385833248965585,2
-0.18027987282707097,-0.13209361258671082,2
-0.19916476971351055,-0.11702434506143677,2
-0.15093171599714134,-0.11399389461308468,2
-0.27988784103728626,-0.13856537542523864,2
-0.20041320460381107,-0.15188343328492113,2
-0.3306006573510599,-0.11282888581421685,2
-0.16405263104280332,-0.11751957616985487,2
-0.22793080146430234,-0.08144438817513315,2
-0.19841120009537197,-0.12624433047250422,2
-0.33338253404406853,-0.15956300409837523,2
-0.17117071178838336,-0.09946176840989321,2
-0.20929501274521012,-0.11235180678599634,2
-0.25067914808853714,-0.14026769167783146,2
-0.21437774182394054,-0.11421717457403513,2
-0.3171067930879942,-0.11988111964799886,2
-0.3580266884947379,-0.13767658818492431,2
-0.20382884952087124,-0.1350830240127166,2
-0.2935878996146704,-0.07331580529284826,2
-0.2496117346804459,-0.08824585157090534,2
-0.37199339919091,-0.06663375803104019,2
-0.20131970310488753,-0.1233572592607478,2
-0.3217441806680823,-0.08198332442709524,2
-0.32107067233170494,-0.05528999551278106,2
-0.32758619809251033,-0.12071792073134702,2
-0.38049272525767974,-0.06797105983957184,2
-0.23552277888828374,-0.08005551759654289,2
-0.32921416726267405,-0.02986563235117258,2
-0.2755957680065804,-0.03069999625132809,2
-0.35845224447509394,-0.08836029834722361,2
-0.3214014554078549,-0.018139407891824756,2
-0.3561872392563071,-0.10365279116472664,2
-0.2944831327165658,0.0026528004802933366,2
-0.2566237874802797,-0.06899690237813236,2
-0.40705619466423626,-0.05195540820157855,2
-0.2284134297840483,-0.07899172362087772,2
-0.2339497834411756,-0.03803094579234426,2
-0.23045772018749952,0.01654587045123897,2
-0.40669762126879205,-0.075485459807617,2
-0.2991393026604071,0.023353786258068318,2
-0.33445232674827086,0.0309888006046278,2
-0.2885364049390516,-0.004845802208184355,2
-0.3659367572118596,-0.001957463479442957,2
-0.30248155599453874,-0.021405855027942747,2
-0.43103100073046474,-0.050032402924166844,2
-0.2765908606402999,0.0385293377871401,2
-0.37806372282417366,-0.036872922393422464,2
-0.4195471488537505,0.003362164772870907,2
-0.3951922908510168,0.0035341017187877745,2
-0.2755585165179138,-0.0027905512221178333,2
-0.2905933982945334,-0.006465483801230205,2
-0.40968780183800935,0.03816078723256996,2
-0.2549483256663175,0.07037835629147753,2
-0.3979869644194656,0.03214091537140346,2
-0.2863412556634848,0.10631959549746295,2
-0.43428149018264667,0.059446950653781784,2
-0.2728333054606369,0.08893257366961987,2
-0.36765043563863625,0.11112036419086777,2
-0.4116336720300781,0.053271392545270815,2
-0.40955105097133754,0.06384390392895473,2
-0.3924201584789634,0.13022433502062836,2
-0.37169637544911904,0.042974541508515374,2
-0.39539196587830033,0.057871382147495376,2
-0.3150256151952904,0.10110284738556397,2
-0.33083019201597447,0.08887907083403782,2
-0.36697414358029795,0.12470823372761133,2
-0.4340518289187813,0.13546760489531484,2
-0.3715380969727058,0.08018891434581507,2
-0.3062896880874789,0.07337360214780868,2
-0.3571392749587708,0.1621451623041503,2
-0.25418834080331254,0.17587674651376753,2
-0.3690381652690536,0.12405926003702308,2
-0.4346523798780925,0.18721460592582467,2
-0.285415404696454,0.09751524084606561,2
-0.37908282028392226,0.1393080584754211,2
-0.4436872258116409,0.162113821671799,2
-0.38502494995018266,0.1230385262222539,2
-0.42097337842314375,0.21083033795808914,2
-0.3538115349113501,0.15657442168512553,2
-0.38471039432907667,0.23007077300205747,2
-0.3782308573882145,0.17405939574591597,2
-0.24124174374179966,0.21917824341090197,2
-0.3079881146421075,0.21477613384868244,2
-0.24804321591543538,0.21356626631941175,2
-0.42376248565061564,0.19750396749143473,2
-0.30696174685009453,0.1989108584998482,2
-0.3017315512334938,0.23350889745685208,2
-0.3913625036069017,0.19867217985344876,2
-0.3876050350954699,0.1711727730504368,2
-0.43631375383609095,0.2274982311380374,2
-0.28390784177971473,0.2542443161722739,2
-0.33830030904848807,0.2149674604410929,2
-0.37612046321980047,0.2517134670827294,2
-0.3330354311740505,0.28436539039197106,2
-0.26575285952476924,0.28452962959165734,2
-0.2867296776517445,0.24883153914462822,2
-0.24653203267771948,0.30285562809231187,2
-0.36188517681441157,0.3006683780842319,2
-0.27883798336568044,0.31465439140423235,2
-0.4158230148809942,0.2612408099135466,2
-0.3096958931737245,0.33125587846629256,2
-0.276460932262184,0.2816701906987645,2
-0.29462603995030595,0.2800464138912164,2
-0.2779711492533702,0.32980501173975685,2
-0.35513583294310846,0.30620991338040715,2
-0.32119253727398367,0.3132511367688461,2
-0.30515307894706784,0.2889858691818315,2
-0.3127844498185177,0.32947159166570844,2
-0.26901819116683595,0.3497285257148903,2
-0.30433625011266563,0.38052008041227614,2
-0.21989031091500275,0.3171419670271321,2
-0.33576591808054157,0.37044804351711363,2
-0.308835026571072,0.3597223549788718,2
-0.22852421962949787,0.32466976046784746,2
-0.2086089654029415,0.3569405052268867,2
-0.18539592460673254,0.37555959186544163,2
-0.15056073104066167,0.4001791871278793,2
-0.30207527577661963,0.40799179142856595,2
-0.22667775400548718,0.36580492356192745,2
-0.1738963742276864,0.37774351329469147,2
-0.3349595021559022,0.40642266504501623,2
-0.23045361476454423,0.3706615812529296,2
-0.20735031742345977,0.3748011746014173,2
-0.1944549801818531,0.38444860362033195,2
-0.17089005249184047,0.41231183026591156,2
-0.21872225809995915,0.4430944140613489,2
-0.311170924434133,0.4212385305431753,2
-0.28583661311228786,0.41980873154268883,2
-0.26175606045701294,0.4094819700462832,2
-0.21331797364323407,0.4249894247350778,2
-0.2286479803987166,0.4336957582338136,2
-0.11583981507075414,0.4279779401324572,2
-0.13914746301941394,0.4231691882848515,2
-0.2235932320716793,0.4525121111264463,2
-0.1050203746150421,0.4492205946940959,2
-0.1543312172967931,0.475391611914269,2
-0.23997293218888788,0.4394053924748771,2
-0.07441258159809583,0.48006373404760794,2
-0.14032892372697256,0.4450468420769866,2
-0.17335892548369974,0.4772517552384949,2
-0.1544544988990725,0.4425039788620289,2
-0.1611179412447094,0.46981658853181263,2
-0.13267244715552276,0.4595188206771268,2
-0.1414737444638724,0.47922511984487276,2
-0.24840868765413915,0.449456720861372,2
-0.09809980604272361,0.4989479874647012,2
-0.05758109710870049,0.5009673512047561,2
-0.18071548194392528,0.4783585797854062,2
-0.16919686689018812,0.47934169651887315,2
-0.13619260586317655,0.5021745219115767,2
-0.17825716090506563,0.4736316317988124,2
-0.07151153282998567,0.4916344330711058,2
-0.06644337036210338,0.48294348085287875,2
-0.051320816366659805,0.5181297589965002,2
-0.09587678828704503,0.48984440841414,2
-0.08416046120161012,0.49495907429060915,2
-0.18089638680618847,0.5222559372368535,2
-0.023445845774845625,0.5233797362123482,2
0.04940945239106598,0.5168684382732425,2
-0.0770312268838609,0.5065030074993221,2
-0.13302633742544306,0.5207967302082558,2
0.04986719559187425,0.5087233699835163,2
-0.018106159745428736,0.5409295000235231,2
-0.12036537019774221,0.5307261078224458,2
0.06467772928049928,0.5164026745147948,2
-0.04301175713627593,0.4999716186411898,2
-0.06414765229728553,0.5249038196497636,2
-0.07351159706593904,0.5149185694605123,2
0.07607578692446751,0.5070110336503791,2
0.05521047948380958,0.516062100104556,2
0.053317735551316824,0.5250002432775662,2
0.1064129833838727,0.557886232913428,2
0.020611397710332047,0.5444448725462923,2
0.12596999422678726,0.5214614357531423,2
0.05392909753964081,0.5425187047911626,2
-0.012126793028371455,0.542967601909496,2
0.15984661954921087,0.5401391523733632,2
0.14331766743666097,0.5498150711234137,2
0.12312697474708181,0.5196392129256929,2
-0.04736336955640587,0.523424742816664,2
0.06276192066794102,0.5336765338451581,2
0.0020309175776044713,0.5682944594020535,2
0.1520646066235791,0.5268361457111455,2
0.02794467532307829,0.535486995528945,2
0.06137172506512793,0.5519185604725415,2
0.23896780857937172,0.5226629732949378,2
0.14041160663488644,0.5471923243914019,2
0.16293170793043055,0.5534207336254643,2
0.054390308225898035,0.5304455870287145,2
0.13569312832265146,0.5023263960165154,2
0.1431527764711052,0.5238916826495398,2
0.25764889444005634,0.5350479243866045,2
0.18135439040188783,0.5256166546652171,2
0.23246081938924307,0.4939237342241279,2
0.13685453246681167,0.5334024934070185,2
0.08678679544716171,0.518145114231369,2
0.11044442336277081,0.5474322508925159,2
0.29555709460592594,0.5088547785931464,2
0.286237730797369,0.5372380780288206,2
0.24899671912787905,0.5059205885476404,2
0.26056304931645935,0.5412167471678857,2
0.31266400011252815,0.47526466389777927,2
0.3042268478885643,0.5022404725924174,2
0.3450023302066434,0.5044432677943722,2
0.24787066987896106,0.45845327985866896,2
0.384801380927584,0.46637402149266155,2
0.29038567306702623,0.5162748977707128,2
0.3371807448968449,0.4988031191699589,2
0.3828349158359923,0.5238034119373104,2
0.29846819924252294,0.4662497760147044,2
0.24400369792607887,0.5094790006563449,2
0.2547545445648802,0.4776752023451102,2
0.37966249899767823,0.46171760622979935,2
0.3522551302439542,0.47217373994498735,2
0.3518050271628419,0.504123560831113,2
0.413869399049494,0.4578512654977071,2
0.26962051976733836,0.4623878774403204,2
0.32028940550806895,0.489871056271335,2
0.4710137506583868,0.45748096420184875,2
0.3409685531620438,0.5056369695296851,2
0.30309530309435995,0.46313142151177666,2
0.3383248596431099,0.49042340357053077,2
0.3464029515334596,0.4103290671659723,2
0.40906336727552994,0.45558665420396344,2
0.4853506322910592,0.39895178702786394,2
0.36314761627741904,0.43501094668746226,2
0.4469840382934258,0.39190423249361217,2
0.3780905901252638,0.39242603195917114,2
0.3623382658178629,0.4007528380544471,2
0.4948411743574799,0.4336903992909844,2
0.48383326707651436,0.45179462130297954,2
0.5007269750016521,0.4302912951168841,2
0.3902261092068526,0.40178670887849266,2
0.48485374343227194,0.4506060345907451,2
0.3711097040314838,0.4288227772204417,2
0.5555847113289085,0.32659054015764694,2
0.5050224954077789,0.4136154374653919,2
0.4199033233156038,0.4282559765377671,2
0.4345432762383796,0.3629124789249671,2
0.42302556583061135,0.3708286323443943,2
0.6083244781788286,0.3329819636374369,2
0.39973054241290723,0.4021618211923308,2
0.526622680447199,0.35857373074887106,2
0.53232768737345,0.2819508253169231,2
0.39897133798139267,0.37712120866399446,2
0.5461176179690226,0.38289731376033065,2
0.4644068195566364,0.3483059696876044,2
0.6095027336082399,0.28394030089666455,2
0.50580621385406,0.267285884221548,2
0.48238622034001194,0.27422439370484236,2
0.49191707664858664,0.2654485345925073,2
0.6457024028589978,0.30307474598638984,2
0.4776452176652912,0.29947652296316224,2
0.5217868925186754,0.2584613632453137,2
0.5394240443114828,0.2832351792121807,2
0.4905246646668985,0.2516172207231404,2
0.5020900051766626,0.2252625276583049,2
0.6419536491934549,0.20857779544385055,2
0.6929618649918944,0.21706606503160392,2
0.7051275917544975,0.1728058579494809,2
0.5312829332122613,0.16964127847584187,2
0.6913671753398194,0.25676569408968336,2
0.65062734260412,0.18679371590717192,2
0.6782391682750352,0.13035282370402418,2
0.5605397673568002,0.11454597960035083,2
0.6498638412375262,0.18441869782806602,2
0.692214063493039,0.24641608800022724,2
0.5623032292605032,0.2212044658991217,2
0.6922835643201434,0.1776411639441916,2
0.5886302584814063,0.13450277561718194,2
0.6387734576713946,0.1687730756396091,2
0.574600035054578,0.10093597562120019,2
0.7155754778265039,0.1577912180017061,2
0.5472896088192478,0.1834187182915459,2
0.719683918843378,0.12160206585164304,2
0.7238428458321359,0.09046078995763426,2
0.6687068592912336,0.08775280049812387,2
0.7303027828639277,0.11250850232700776,2
0.7293259053941548,0.05455121011676875,2
0.6437225090898073,0.07942863806615884,2
0.709988390606699,-0.002435436803344064,2
0.7094279092101917,0.07762077078857194,2
0.6240170298214219,0.04247865592428726,2
0.5862641398186048,0.08924973312765078,2
0.5594261140612083,0.08851858079479624,2
0.631329181058754,-0.03653462594233304,2
0.6467272816586948,-0.04219714862645733,2
0.6389504948503757,-0.06766742332860032,2
0.7228908477073318,-0.035010975883681586,2
0.7021551316761365,-0.02533350038691191,2
0.6874151373236315,-0.07092710305240818,2
0.5881246550465621,-0.03677881868456136,2
0.7270195088597343,-0.08822099592907101,2
0.7498572402002774,-0.032416468809849656,2
0.6886848270609184,-0.039228436249333726,2
0.6258869028283718,-0.04306756689179314,2
0.7217804318747294,-0.05342974503841167,2
0.7425559766460483,-0.022565641547110035,2
0.5761735582309764,-0.06349302751871395,2
0.6020055061000393,-0.14833813173104393,2
0.5857417041376636,-0.050417529367735504,2
0.7256875057567065,-0.16238916377984453,2
0.5846274710881418,-0.1586267071552972,2
0.7320615325602493,-0.21452154741720705,2
0.7047085456022878,-0.17631609702785006,2
0.5953906450703632,-0.22871604696790163,2
0.6346108464485493,-0.1898604843055214,2
0.5903190210355215,-0.19665284433537536,2
0.5743688925632298,-0.17864986076999906,2
0.6742395531976335,-0.2473389907120695,2
0.6642714501000011,-0.2576809859983108,2
0.6652678207683932,-0.17256184185684362,2
0.6015967898066493,-0.20198520562200822,2
0.6934828591118951,-0.28339456900067694,2
0.6175210997911503,-0.2805598293253396,2
0.5851785144791003,-0.2357697971286093,2
0.5454077994503951,-0.3016696656166143,2
0.6727110562684503,-0.2120477057514212,2
0.6502954542119084,-0.2405828968999097,2
0.6577765681938542,-0.23299004515803226,2
0.7132101979904582,-0.2624049866735573,2
0.5953318068744152,-0.29957823385140225,2
0.5853138949104312,-0.3579687001089419,2
0.6396931092102396,-0.3098894858914943,2
0.5825571844707557,-0.25875582942694186,2
0.48757130124478515,-0.4199018201525276,2
0.49578081638707994,-0.38841521257015094,2
0.5927004044947741,-0.3714435826956519,2
0.6554119523244702,-0.3161456555973256,2
0.5851715555637693,-0.33806017875445366,2
0.6189746093415759,-0.4507026906065496,2
0.5875817360265514,-0.3994767278312472,2
0.5881489741213269,-0.3582303849679537,2
0.5812783653799579,-0.36958383420650537,2
0.46840673720842596,-0.47560904890329947,2
0.5870281758338669,-0.3959293715967932,2
0.6230913016076995,-0.4813303207449463,2
0.4856555241279654,-0.5043067356649193,2
0.6108748942415991,-0.4193256978705761,2
0.6083930914347009,-0.44186154357350327,2
0.4876144354784522,-0.4791996657877465,2
0.6101512857322898,-0.5169303380659883,2
0.4916943702109008,-0.5119763583138429,2
0.4840559290973468,-0.4270187666643122,2
0.5414327767146954,-0.46732616734110327,2
0.5288430669889994,-0.5459338288111736,2
0.4344888397872263,-0.5476829986674816,2
0.5613903092126761,-0.5353252711935229,2
0.4505836856556599,-0.47949842054294933,2
0.6153331204740707,-0.4720318764669253,2
0.40700889936332735,-0.522895285248166,2
0.4108380509931474,-0.5427373576944663,2
0.43007909514673753,-0.5461176889597813,2
0.49658955940435706,-0.5649901446411656,2
0.38017283942899194,-0.6075917829663012,2
0.4858988035494442,-0.5928841110438847,2
0.5557040163405481,-0.5679985147960588,2
0.4707245609668401,-0.5696582454050444,2
0.43042973479420177,-0.609345859409399,2
0.4510738298210175,-0.5955833763961408,2
0.30973977748258763,-0.6294635589504293,2
0.34355870100294594,-0.6702958354056783,2
0.47044629945426303,-0.6047966326087069,2
0.3399127921806625,-0.6411374176166249,2
0.35040092199044337,-0.6159057429323159,2
0.3022948579776409,-0.6561127612011005,2
0.3824466323552691,-0.6439897294336235,2
0.36375220380290085,-0.6730025588898408,2
0.36256176892560354,-0.659362603662888,2
0.28998421780562655,-0.6811067550701415,2
0.390401732043544,-0.7015154570741211,2
0.21054546470787727,-0.7092427546324818,2
0.35229908313294855,-0.6633028748757522,2
0.3475853131795722,-0.6940944022495206,2
0.23182187121420145,-0.6886779895045357,2
0.2699490810915814,-0.7201889021327337,2
0.33645116534130626,-0.7090566384846798,2
0.353689368365138,-0.664432565554828,2
0.3054088600906315,-0.7041022559122112,2
0.15084603152178394,-0.7246975537897321,2
0.11079473666849747,-0.7613657945043296,2
0.10130131501553058,-0.7434294886198983,2
0.32719860936314105,-0.7555558774747037,2
0.0906052546615035,-0.7483146786540871,2
0.1447622503528458,-0.7573266141668499,2
0.15251622908572005,-0.7739935189347237,2
0.0625147567151744,-0.7440273976849839,2
0.005196477712509459,-0.7788857885271516,2
0.1727034729355182,-0.7577725895489945,2
0.04133374214285564,-0.7635202279995817,2
0.15223748963671502,-0.7805554861790898,2
0.17152987136747033,-0.7598596631558739,2
0.21424866136354498,-0.7810857798122167,2
0.08200236980677794,-0.7793812223439469,2
0.12885612100490496,-0.7762620096978863,2
0.10022627913507794,-0.8025649259104741,2
0.04952801000957985,-0.802830178817226,2
0.11859387881672658,-0.789689405134564,2
-0.014170153435400443,-0.7623248154301007,2
0.07477402415615575,-0.793538558521808,2
-0.005134893006908885,-0.7989875659527768,2
0.030907451419999364,-0.7951055768435596,2
-0.08844704598987549,-0.8126925877600086,2
-0.05963951405322748,-0.8045173826643282,2
0.01928482973321767,-0.7859104067413243,2
0.04416891310457706,-0.7868534930639937,2
-0.03947083417540352,-0.8124859956373658,2
-0.0026594072783042086,-0.8191220843999185,2
-0.061464314721180816,-0.818754245615895,2
-0.010849077401036312,-0.8221925782987519,2
-0.08798591907564815,-0.7629105948637348,2
0.04832448327350866,-0.799532448347752,2
-0.16103759511535878,-0.807729896675933,2
-0.10159282482179924,-0.7768308818503166,2
-0.12366665250840522,-0.8115428586063345,2
-0.1027453581629466,-0.8018051443883942,2
-0.15410564558762826,-0.791485227427166,2
-0.1448598241359285,-0.8057864689789156,2
-0.06832496142071207,-0.8178834254980801,2
-0.09796493847559898,-0.7879387098668135,2
-0.0898228853872684,-0.8210892763594922,2
-0.1447117984111197,-0.7715460840321506,2
-0.2161189842763332,-0.7926894080575976,2
-0.1704337001352066,-0.8150503249352478,2
-0.25195686669366535,-0.7692610475289627,2
-0.3440583076402536,-0.7740372576565022,2
-0.23599674305798163,-0.7724097719171054,2
-0.21316130655774299,-0.7903878962616053,2
-0.2826301095485326,-0.7546454562530817,2
-0.3782782775150325,-0.7302561633740772,2
-0.42347459415662264,-0.7512688013297557,2
-0.3098486495198613,-0.7720737966411281,2
-0.2677657572539456,-0.7945994226298817,2
-0.36545640174892924,-0.7064398386561538,2
-0.3454698836780803,-0.7612282938311065,2
-0.36991187397092745,-0.7187802817346687,2
-0.34069255389059006,-0.7438638207085766,2
-0.24545882449058384,-0.7649709027135763,2
-0.2846478233311044,-0.7567602224056992,2
-0.46691487295721645,-0.7358246134663432,2
-0.5154697427329072,-0.6869876904498631,2
-0.43209014524672873,-0.741819048842979,2
-0.41717074194233394,-0.7066447524765268,2
-0.49867495802077844,-0.6937926514790598,2
-0.5251751875703295,-0.718743911072305,2
-0.4952509168129394,-0.7191183200258641,2
-0.43813261173785367,-0.6971395892699864,2
-0.4575582893955128,-0.7531878909561154,2
-0.4732443301204965,-0.7204307271023248,2
-0.43359029544709005,-0.7053815074087904,2
-0.5455261162404883,-0.7055577311033177,2
-0.5040997113826043,-0.7036351810205211,2
-0.6052297298868629,-0.6892354443052007,2
-0.5441156488695131,-0.6717504010927136,2
-0.5587871956195891,-0.6154048648333056,2
-0.5979507208254677,-0.6378792175685297,2
-0.42785481166618355,-0.7023013164986693,2
-0.6212553029125845,-0.6108539515453902,2
-0.5932421632273946,-0.6674473647565959,2
-0.6526390280330616,-0.6032387262430222,2
-0.5617066204325374,-0.5962349118873294,2
-0.5950060199628178,-0.6067551349445971,2
-0.5775244749442224,-0.6491576726688295,2
-0.7457286448406486,-0.5170842610953857,2
-0.5034565597545403,-0.6234879734360459,2
-0.741929241899218,-0.555752511616442,2
-0.7157867860167748,-0.5256124767881853,2
-0.7530793737694114,-0.5502927376698505,2
-0.6919006550283731,-0.5489106627918495,2
-0.6631556003516914,-0.5374647716251264,2
-0.7430312499965647,-0.5386288265236195,2
-0.8050223494042237,-0.5101498340060289,2
-0.6630412154984768,-0.592703836825714,2
-0.6308683504085493,-0.5297173331317503,2
-0.773958063043971,-0.45718238599627015,2
-0.7944180175063321,-0.5018830264698974,2
-0.6413782284260215,-0.556798242455417,2
-0.7698319605009917,-0.4665520808493271,2
-0.9147145371531729,-0.3609432915259877,2
-0.7548561207188298,-0.40360010550927344,2
-0.7971470343792224,-0.444406683513219,2
-0.8641845962700365,-0.4019764113525205,2
-0.818466568169547,-0.41873125076053574,2
-0.7340658136089264,-0.4376228317075894,2
-0.7315551673392797,-0.42375298912835596,2
-0.9274647560887068,-0.32657930470616725,2
-0.7438849884994088,-0.4194568035029406,2
-0.9311790193246734,-0.3457408332553776,2
-0.8217778860664466,-0.3664088537766191,2
-0.796896510227753,-0.36609234549820735,2
-0.7995551327707795,-0.3497919991563553,2
-0.9297759302948745,-0.3886706162229575,2
-0.8264866416918812,-0.25961085997176403,2
-0.7640041267736848,-0.362810421320292,2
-0.8451469062556198,-0.2991668330791122,2
-0.9083552268197143,-0.3459445916225896,2
-0.8304560318273885,-0.30078346950326185,2
-0.8544639585097838,-0.32774849141887485,2
-0.9734137757094364,-0.1820045424624038,2
-1.008641263649988,-0.1863553010516113,2
-0.8506886495783692,-0.3112264185597896,2
-0.9357136633810481,-0.12180035972744953,2
-0.980434392537909,-0.2673369146271857,2
-0.952785437868212,-0.22979152118098545,2
-0.8624197209688514,-0.1815638392644726,2
-0.8397979400874974,-0.26337745544578745,2
-0.9154968441216735,-0.12314566659392429,2
-0.8642267853347556,-0.09616118643953442,2
-0.8890920860243603,-0.12222576449861455,2
-0.9741362541473321,-0.0035532418532226648,2
-0.9439523558091423,-0.177333715863587,2
-0.9435667716099055,-0.18990965080849317,2
-1.0445596019822763,-0.11294130211496833,2
-1.0280737944575669,-0.005912732942764981,2
-0.8968534131525616,-0.0250121496050286,2
-0.9737662799079809,-0.01883703174509249,2
-1.0203827537953507,0.02894276201991676,2
-1.0450431350993779,-0.08069381060786372,2
-0.9804960141558218,-0.04893978736240252,2
-0.941403559346715,-0.07965776124493243,2
-0.9252900306736864,0.03632718232572324,2
-1.002479158135918,-0.013892431790950364,2
-1.0107187132890885,0.13103992987860621,2
-1.045069265236879,-0.0020389010204828247,2
-0.8931387512234962,0.001998913758608216,2
-1.044505712770275,0.11259876455462534,2
-1.0630548520964935,0.053233833927465384,2
-0.9884733707687255,0.09287756072932002,2
-1.036693425489073,0.24261070223156073,2
-0.9000967700058694,0.09221880659509965,2
-1.0190439129086795,0.14453554984185701,2
-0.9480566870277745,0.246052482986257,2
-1.033458144051288,0.2322570683834663,2
-0.948771233090649,0.15104019708817495,2
-1.0411188584658968,0.19303662003880945,2
-0.9838528516067465,0.1211439195418761,2
-0.9745565299283394,0.24532783297821364,2
-0.8823044678776512,0.33803978003860824,2
-1.0476461039179807,0.31044269220176085,2
